# Blender 5.0.1
# www.blender.org
mtllib dandelion_lod1.mtl
o dandelion_01_a_LOD1
v -0.003123 0.000486 -0.000663 0.3255 0.3490 0.2118
v -0.001887 -0.001172 -0.001300 0.2784 0.3216 0.2157
v -0.000139 0.005461 -0.002266 0.2706 0.3176 0.2157
v 0.002277 0.002697 -0.002366 0.2706 0.3176 0.2157
v 0.003001 0.015991 -0.005152 0.2706 0.3176 0.2157
v 0.009106 0.009896 -0.006215 0.2706 0.3176 0.2157
v 0.006359 0.022083 -0.007216 0.2706 0.3176 0.2157
v 0.007805 0.026664 -0.014990 0.2706 0.3176 0.2157
v 0.014616 0.017819 -0.007878 0.2706 0.3176 0.2157
v 0.020564 0.024406 -0.011270 0.2706 0.3176 0.2157
v 0.019783 0.013921 0.000232 0.2706 0.3176 0.2157
v 0.013011 0.009661 0.000869 0.2706 0.3176 0.2157
v 0.026817 0.023016 0.000869 0.2706 0.3176 0.2157
v 0.038018 0.030951 -0.004282 0.2706 0.3176 0.2157
v 0.047667 0.036360 -0.013060 0.2706 0.3176 0.2157
v 0.027290 0.028999 -0.017121 0.2706 0.3176 0.2157
v 0.036090 0.035074 -0.026441 0.2706 0.3176 0.2157
v 0.013293 0.036730 -0.019507 0.2706 0.3176 0.2157
v 0.021968 0.046360 -0.028766 0.2941 0.3294 0.2157
v 0.030665 0.043059 -0.039645 0.2706 0.3176 0.2157
v 0.042030 0.034908 -0.037705 0.2706 0.3176 0.2157
v 0.036233 0.039238 -0.047900 0.2706 0.3176 0.2157
v 0.044418 0.035294 -0.053752 0.2706 0.3176 0.2157
v 0.045750 0.030911 -0.046861 0.2706 0.3176 0.2157
v 0.051359 0.032310 -0.055997 0.2706 0.3176 0.2157
v 0.056395 0.035386 -0.039623 0.2706 0.3176 0.2157
v 0.052566 0.040858 -0.024501 0.2706 0.3176 0.2157
v 0.054303 0.034582 -0.049263 0.2706 0.3176 0.2157
v 0.003276 0.002954 0.000095 0.2706 0.3176 0.2157
v -0.001560 -0.000261 0.000132 0.3333 0.3529 0.2157
v 0.000259 0.000005 -0.001794 0.2706 0.3176 0.2157
v -0.002356 0.000625 -0.000396 0.3372 0.3529 0.2118
v 0.003570 0.004343 0.003790 0.2706 0.3176 0.2157
v 0.001888 0.004436 0.005926 0.2706 0.3176 0.2157
v 0.017399 0.015849 0.008370 0.2706 0.3176 0.2157
v 0.012461 0.019044 0.018698 0.2706 0.3176 0.2157
v 0.026617 0.020118 0.006848 0.2706 0.3176 0.2157
v 0.019405 0.028281 0.021763 0.2706 0.3176 0.2157
v 0.094188 0.013567 0.043217 0.2706 0.3176 0.2157
v 0.083998 0.012204 0.058193 0.2706 0.3176 0.2157
v -0.000790 -0.000470 -0.000307 0.2784 0.3216 0.2157
v 0.003258 0.003752 0.005718 0.2706 0.3176 0.2157
v 0.015788 0.016389 0.014202 0.2706 0.3176 0.2157
v 0.023748 0.021067 0.016885 0.2706 0.3176 0.2157
v 0.093917 0.007127 0.050932 0.2706 0.3176 0.2157
v 0.038431 0.035602 0.045125 0.2706 0.3176 0.2157
v 0.057623 0.033695 0.057972 0.2706 0.3176 0.2157
v 0.077929 0.031893 0.019988 0.2706 0.3176 0.2157
v 0.054123 0.035999 0.010507 0.2706 0.3176 0.2157
v 0.046524 0.026517 0.028376 0.2706 0.3176 0.2157
v 0.066569 0.023902 0.038123 0.2706 0.3176 0.2157
v 0.039737 0.026198 0.006761 0.2706 0.3176 0.2157
v 0.031430 0.036000 0.034364 0.2706 0.3176 0.2157
v 0.035436 0.026973 0.021699 0.2706 0.3176 0.2157
v 0.045681 0.030064 0.050174 0.2706 0.3176 0.2157
v 0.066498 0.034617 0.015591 0.2706 0.3176 0.2157
v 0.056423 0.029239 0.032986 0.2706 0.3176 0.2157
v 0.072288 0.012368 0.060596 0.2706 0.3176 0.2157
v 0.082111 0.012270 0.044706 0.2706 0.3176 0.2157
v 0.091322 0.020918 0.036127 0.2706 0.3176 0.2157
v 0.082971 0.025355 0.025948 0.2706 0.3176 0.2157
v 0.064347 0.021704 0.058738 0.2706 0.3176 0.2157
v 0.074312 0.017222 0.042053 0.2706 0.3176 0.2157
v 0.005596 0.010652 0.011091 0.2706 0.3176 0.2157
v 0.008250 0.009947 0.006467 0.2706 0.3176 0.2157
v 0.007445 0.009530 0.009531 0.2706 0.3176 0.2157
v -0.001150 0.002194 0.002831 0.3019 0.3333 0.2157
v 0.001189 0.001721 0.001281 0.2706 0.3176 0.2157
v 0.000375 0.001189 0.002952 0.3725 0.3725 0.2118
v 0.000110 0.000297 0.000538 0.2784 0.3216 0.2157
v -0.001720 0.000134 0.000930 0.3921 0.3843 0.2118
v 0.004721 0.002401 0.004493 0.2745 0.3176 0.2157
v 0.002082 0.001509 0.005061 0.2941 0.3294 0.2157
v 0.008366 0.005818 0.010395 0.2706 0.3176 0.2157
v 0.005574 0.005161 0.011293 0.2706 0.3176 0.2157
v 0.010978 0.010811 0.018702 0.2706 0.3176 0.2157
v 0.006899 0.009476 0.019677 0.2706 0.3176 0.2157
v 0.016395 0.011310 0.026929 0.2706 0.3176 0.2157
v 0.010354 0.009887 0.028264 0.2706 0.3176 0.2157
v 0.024529 0.006505 0.037099 0.2706 0.3176 0.2157
v 0.017497 0.010541 0.040200 0.2706 0.3176 0.2157
v 0.031934 0.001490 0.051555 0.2706 0.3176 0.2157
v 0.018667 0.007896 0.053530 0.2706 0.3176 0.2157
v 0.033981 -0.002619 0.064372 0.2706 0.3176 0.2157
v 0.036860 -0.000218 0.072278 0.2706 0.3176 0.2157
v 0.018489 0.008417 0.067922 0.2706 0.3176 0.2157
v 0.021621 0.010342 0.081883 0.2706 0.3176 0.2157
v 0.012304 0.022432 0.072181 0.2706 0.3176 0.2157
v 0.010868 0.020778 0.053737 0.2706 0.3176 0.2157
v 0.013948 0.026714 0.082693 0.2706 0.3176 0.2157
v 0.024662 0.029055 0.097036 0.4078 0.3961 0.2118
v 0.033340 0.026076 0.110464 0.2706 0.3176 0.2157
v 0.034037 0.011832 0.095116 0.2706 0.3176 0.2157
v 0.043219 0.013390 0.109646 0.2706 0.3176 0.2157
v 0.047029 -0.000352 0.088268 0.2706 0.3176 0.2157
v 0.051496 0.006673 0.102834 0.2706 0.3176 0.2157
v 0.051855 0.010588 0.112676 0.2706 0.3176 0.2157
v 0.046859 0.011845 0.120842 0.4078 0.3961 0.2118
v 0.043126 0.022342 0.115392 0.2706 0.3176 0.2157
v 0.016505 0.018395 0.039378 0.2706 0.3176 0.2157
v 0.012022 0.015688 0.027400 0.2706 0.3176 0.2157
v 0.007100 0.013819 0.019254 0.2706 0.3176 0.2157
v 0.004623 0.007489 0.011174 0.2706 0.3176 0.2157
v 0.001374 0.003127 0.005094 0.2706 0.3176 0.2157
v -0.002021 0.000661 0.001173 0.4039 0.3921 0.2118
v -0.002989 0.001304 0.001936 0.3882 0.3843 0.2118
v -0.000430 -0.000357 0.000434 0.2863 0.3255 0.2157
v -0.007113 0.001686 -0.006779 0.2706 0.3176 0.2157
v -0.012575 0.002638 -0.014536 0.2706 0.3176 0.2157
v -0.004657 0.000074 -0.008995 0.2706 0.3176 0.2157
v -0.009550 0.001023 -0.016670 0.2706 0.3176 0.2157
v -0.001767 0.001801 -0.011370 0.2706 0.3176 0.2157
v 0.002126 0.001336 -0.001074 0.2706 0.3176 0.2157
v -0.006486 0.002775 -0.018700 0.2706 0.3176 0.2157
v -0.010748 0.007394 -0.031943 0.2706 0.3176 0.2157
v -0.016517 0.005417 -0.028692 0.2706 0.3176 0.2157
v -0.014847 0.010230 -0.042374 0.2706 0.3176 0.2157
v -0.014306 0.016167 -0.055589 0.2706 0.3176 0.2157
v -0.021433 0.008213 -0.037798 0.2706 0.3176 0.2157
v -0.027128 0.010839 -0.047833 0.2706 0.3176 0.2157
v -0.026020 0.011183 -0.036289 0.2706 0.3176 0.2157
v -0.033062 0.015682 -0.045252 0.2706 0.3176 0.2157
v -0.019663 0.006886 -0.026570 0.2706 0.3176 0.2157
v -0.043809 0.019209 -0.060892 0.2706 0.3176 0.2157
v -0.034028 0.014147 -0.064130 0.2706 0.3176 0.2157
v -0.048192 0.020028 -0.071709 0.2706 0.3176 0.2157
v -0.053759 0.015742 -0.083352 0.2706 0.3176 0.2157
v -0.039760 0.011642 -0.076176 0.2706 0.3176 0.2157
v -0.044816 0.008993 -0.088649 0.2706 0.3176 0.2157
v -0.024793 0.019831 -0.082232 0.2706 0.3176 0.2157
v -0.019053 0.020637 -0.070444 0.2706 0.3176 0.2157
v -0.028825 0.014082 -0.097616 0.3255 0.3490 0.2157
v -0.032972 0.011461 -0.104603 0.2706 0.3176 0.2157
v -0.034575 0.006275 -0.113106 0.2706 0.3176 0.2157
v -0.049410 0.005767 -0.100028 0.2706 0.3176 0.2157
v -0.053107 0.001724 -0.109725 0.2706 0.3176 0.2157
v -0.061669 0.009299 -0.093767 0.2706 0.3176 0.2157
v -0.065866 0.005514 -0.106396 0.2706 0.3176 0.2157
v -0.067588 0.001016 -0.119147 0.2706 0.3176 0.2157
v -0.057374 -0.002071 -0.121219 0.2706 0.3176 0.2157
v -0.064220 0.002893 -0.128626 0.2706 0.3176 0.2157
v -0.063043 0.004005 -0.133032 0.2706 0.3176 0.2157
v -0.060124 0.001750 -0.129697 0.2706 0.3176 0.2157
v -0.061297 0.003014 -0.136741 0.2706 0.3176 0.2157
v -0.054648 0.002915 -0.132229 0.2706 0.3176 0.2157
v -0.043854 0.003523 -0.123542 0.2706 0.3176 0.2157
v -0.057275 0.003426 -0.135008 0.2706 0.3176 0.2157
v -0.004929 0.002318 -0.002467 0.2706 0.3176 0.2157
v -0.002422 0.000682 -0.004326 0.2706 0.3176 0.2157
v 0.000301 0.002391 -0.006267 0.2706 0.3176 0.2157
v -0.003535 -0.000324 -0.001754 0.2706 0.3176 0.2157
v -0.002158 -0.001195 -0.000935 0.3019 0.3333 0.2157
v 0.001315 0.001212 -0.007778 0.2706 0.3176 0.2157
v 0.005604 0.001943 -0.013485 0.2706 0.3176 0.2157
v 0.003577 -0.000026 -0.006582 0.2706 0.3176 0.2157
v 0.008001 0.000703 -0.011862 0.2706 0.3176 0.2157
v 0.006080 0.001300 -0.005111 0.2706 0.3176 0.2157
v -0.001105 -0.000346 0.000319 0.3137 0.3412 0.2157
v 0.010338 0.002048 -0.010190 0.2706 0.3176 0.2157
v 0.019393 0.005730 -0.016302 0.2706 0.3176 0.2157
v 0.015324 0.004158 -0.019430 0.2706 0.3176 0.2157
v 0.026308 0.007381 -0.021829 0.2706 0.3176 0.2157
v 0.036985 0.009760 -0.025811 0.2706 0.3176 0.2157
v 0.020881 0.006073 -0.025098 0.2706 0.3176 0.2157
v 0.026743 0.006207 -0.031686 0.2706 0.3176 0.2157
v 0.018364 0.008354 -0.027799 0.2745 0.3216 0.2157
v 0.022942 0.010244 -0.034952 0.2706 0.3176 0.2157
v 0.012834 0.005219 -0.021106 0.2706 0.3176 0.2157
v 0.030357 0.008883 -0.047231 0.2706 0.3176 0.2157
v 0.036446 0.004950 -0.042194 0.2706 0.3176 0.2157
v 0.029323 0.008320 -0.057476 0.2706 0.3176 0.2157
v 0.032964 0.006078 -0.065501 0.2706 0.3176 0.2157
v 0.041737 0.001339 -0.051030 0.2706 0.3176 0.2157
v 0.046137 0.001042 -0.060268 0.2706 0.3176 0.2157
v 0.056692 0.008285 -0.039398 0.2706 0.3176 0.2157
v 0.047006 0.010241 -0.035543 0.2706 0.3176 0.2157
v 0.064106 0.005372 -0.050418 0.2706 0.3176 0.2157
v 0.066136 0.006196 -0.059622 0.2706 0.3176 0.2157
v 0.065852 0.003619 -0.067668 0.2706 0.3176 0.2157
v 0.049225 0.001617 -0.068989 0.2706 0.3176 0.2157
v 0.051663 0.000341 -0.076854 0.2706 0.3176 0.2157
v 0.035956 0.005107 -0.076969 0.2980 0.3333 0.2157
v 0.040684 0.004470 -0.084793 0.2706 0.3176 0.2157
v 0.046677 0.000309 -0.091982 0.2706 0.3176 0.2157
v 0.054750 -0.002427 -0.085798 0.2706 0.3176 0.2157
v 0.052739 0.002009 -0.094190 0.2706 0.3176 0.2157
v 0.055516 0.003053 -0.097292 0.2706 0.3176 0.2157
v 0.057281 0.001280 -0.092066 0.2706 0.3176 0.2157
v 0.060297 0.002344 -0.096647 0.2706 0.3176 0.2157
v 0.061757 0.002018 -0.090582 0.2706 0.3176 0.2157
v 0.063715 0.002628 -0.079493 0.2706 0.3176 0.2157
v 0.061840 0.002444 -0.093270 0.2706 0.3176 0.2157
v -0.002400 0.001802 -0.003656 0.2706 0.3176 0.2157
v -0.000264 0.000631 -0.002575 0.2706 0.3176 0.2157
v 0.001500 0.001901 -0.000769 0.2706 0.3176 0.2157
v -0.000073 0.000166 0.002375 0.3961 0.3882 0.2118
v -0.000471 -0.000766 0.000320 0.2863 0.3255 0.2157
v -0.008220 0.001406 0.003802 0.2706 0.3176 0.2157
v -0.016104 0.002228 0.006020 0.2706 0.3176 0.2157
v -0.009319 0.000015 0.001167 0.2706 0.3176 0.2157
v -0.016972 0.000834 0.002946 0.2706 0.3176 0.2157
v -0.010422 0.001505 -0.001868 0.2706 0.3176 0.2157
v -0.000875 0.000859 -0.001734 0.2706 0.3176 0.2157
v -0.017745 0.002347 -0.000131 0.2706 0.3176 0.2157
v -0.029953 0.005991 -0.001137 0.2706 0.3176 0.2157
v -0.028899 0.003956 0.004416 0.2706 0.3176 0.2157
v -0.039665 0.007837 -0.001818 0.2706 0.3176 0.2157
v -0.050689 0.011314 -0.005415 0.2706 0.3176 0.2157
v -0.037805 0.005341 0.004817 0.2706 0.3176 0.2157
v -0.047300 0.003879 0.005838 0.2706 0.3176 0.2157
v -0.037651 0.007213 0.009248 0.2706 0.3176 0.2157
v -0.046352 0.006617 0.012348 0.2706 0.3176 0.2157
v -0.027996 0.005048 0.007716 0.2706 0.3176 0.2157
v -0.060540 0.002092 0.017982 0.3333 0.3529 0.2118
v -0.062163 0.002607 0.008052 0.2706 0.3176 0.2157
v -0.069020 0.004084 0.020363 0.3921 0.3843 0.2118
v -0.079975 0.006309 0.021758 0.2706 0.3176 0.2157
v -0.073554 0.004329 0.010201 0.2706 0.3176 0.2157
v -0.084628 0.009776 0.012790 0.2706 0.3176 0.2157
v -0.073447 0.018130 0.002644 0.2863 0.3255 0.2157
v -0.063395 0.013611 -0.002309 0.2706 0.3176 0.2157
v -0.088676 0.022910 0.006766 0.4078 0.3961 0.2118
v -0.095145 0.021816 0.010763 0.2706 0.3176 0.2157
v -0.103779 0.021319 0.011578 0.2706 0.3176 0.2157
v -0.095208 0.010056 0.015188 0.2706 0.3176 0.2157
v -0.104685 0.008753 0.015996 0.2706 0.3176 0.2157
v -0.090892 0.003440 0.022288 0.2706 0.3176 0.2157
v -0.102781 0.001850 0.022786 0.2706 0.3176 0.2157
v -0.114482 0.001460 0.022090 0.2706 0.3176 0.2157
v -0.115671 0.008381 0.017346 0.2706 0.3176 0.2157
v -0.120573 0.006224 0.025255 0.2706 0.3176 0.2157
v -0.123359 0.008159 0.027232 0.2706 0.3176 0.2157
v -0.121052 0.009437 0.023810 0.2706 0.3176 0.2157
v -0.126215 0.010229 0.027277 0.2706 0.3176 0.2157
v -0.121743 0.013948 0.024170 0.2706 0.3176 0.2157
v -0.113495 0.017817 0.018346 0.2706 0.3176 0.2157
v -0.124079 0.012939 0.026069 0.2706 0.3176 0.2157
v -0.003785 0.001368 0.002962 0.2902 0.3255 0.2157
v -0.004545 0.000275 0.000620 0.3961 0.3882 0.2118
v -0.005317 0.001929 -0.001950 0.2706 0.3176 0.2157
v -0.002703 0.001338 -0.003872 0.2706 0.3176 0.2157
v -0.003519 0.001080 -0.001511 0.2745 0.3176 0.2157
v -0.005113 0.002274 -0.005736 0.2706 0.3176 0.2157
v -0.007667 0.003488 -0.007481 0.2706 0.3176 0.2157
v -0.005700 0.001861 -0.003804 0.2706 0.3176 0.2157
v -0.008191 0.003015 -0.005878 0.2706 0.3176 0.2157
v -0.006320 0.003444 -0.001869 0.2706 0.3176 0.2157
v -0.008341 0.004246 -0.004917 0.2706 0.3176 0.2157
v -0.003908 0.002525 0.000506 0.3921 0.3882 0.2118
v -0.013338 0.006843 -0.008529 0.2706 0.3176 0.2157
v -0.012819 0.005436 -0.009362 0.2706 0.3176 0.2157
v -0.017457 0.010371 -0.012290 0.2706 0.3176 0.2157
v -0.017687 0.008425 -0.012848 0.2706 0.3176 0.2157
v -0.022229 0.012829 -0.013941 0.2706 0.3176 0.2157
v -0.022012 0.009962 -0.015819 0.2706 0.3176 0.2157
v -0.031416 0.016794 -0.013643 0.2706 0.3176 0.2157
v -0.031115 0.010777 -0.019067 0.2706 0.3176 0.2157
v -0.037902 0.018637 -0.014002 0.2706 0.3176 0.2157
v -0.046237 0.017130 -0.011180 0.2706 0.3176 0.2157
v -0.039018 0.014500 -0.021873 0.2706 0.3176 0.2157
v -0.047240 0.016389 -0.024810 0.2706 0.3176 0.2157
v -0.032756 0.016411 -0.031787 0.2784 0.3216 0.2157
v -0.027431 0.014174 -0.026511 0.2706 0.3176 0.2157
v -0.039586 0.024685 -0.036509 0.2706 0.3176 0.2157
v -0.051005 0.029604 -0.043322 0.2706 0.3176 0.2157
v -0.062187 0.025288 -0.048899 0.2706 0.3176 0.2157
v -0.055475 0.013305 -0.027916 0.2706 0.3176 0.2157
v -0.067737 0.010289 -0.031665 0.2706 0.3176 0.2157
v -0.056951 0.018035 -0.012468 0.2706 0.3176 0.2157
v -0.069721 0.015899 -0.015211 0.2706 0.3176 0.2157
v -0.079740 0.015104 -0.019828 0.2706 0.3176 0.2157
v -0.080474 0.008201 -0.032873 0.2706 0.3176 0.2157
v -0.088153 0.011308 -0.023661 0.2706 0.3176 0.2157
v -0.095862 0.005844 -0.029822 0.2706 0.3176 0.2157
v -0.089739 0.003757 -0.033346 0.2706 0.3176 0.2157
v -0.100362 0.002703 -0.035044 0.2706 0.3176 0.2157
v -0.088395 0.009862 -0.045518 0.2706 0.3176 0.2157
v -0.074589 0.025586 -0.048021 0.2706 0.3176 0.2157
v -0.096052 0.004888 -0.040421 0.2706 0.3176 0.2157
v -0.020804 0.010884 -0.017951 0.2706 0.3176 0.2157
v -0.017222 0.009612 -0.013909 0.2706 0.3176 0.2157
v -0.012266 0.006238 -0.010290 0.2706 0.3176 0.2157
v 0.000674 0.001121 -0.002296 0.2706 0.3176 0.2157
v -0.000444 -0.000973 -0.000546 0.2706 0.3176 0.2157
v -0.003569 0.008780 0.001179 0.2745 0.3176 0.2157
v -0.005808 0.003633 0.004656 0.2706 0.3176 0.2157
v -0.009202 0.011982 0.005101 0.2706 0.3176 0.2157
v -0.013744 0.013416 0.012513 0.2706 0.3176 0.2157
v -0.012676 0.006523 0.006265 0.2706 0.3176 0.2157
v -0.019711 0.006795 0.008100 0.2706 0.3176 0.2157
v -0.013297 0.002978 0.001330 0.2706 0.3176 0.2157
v -0.009205 0.000892 0.000232 0.2706 0.3176 0.2157
v -0.019954 0.007242 -0.001248 0.2706 0.3176 0.2157
v -0.033810 0.007442 0.004148 0.2706 0.3176 0.2157
v -0.041433 0.003184 0.010546 0.2706 0.3176 0.2157
v -0.025487 0.005378 0.012956 0.2706 0.3176 0.2157
v -0.031858 0.008522 0.021404 0.2706 0.3176 0.2157
v -0.021556 0.013133 0.011537 0.2706 0.3176 0.2157
v -0.028608 0.016567 0.017227 0.2706 0.3176 0.2157
v -0.035189 0.021364 0.022370 0.2706 0.3176 0.2157
v -0.038451 0.012609 0.028458 0.2706 0.3176 0.2157
v -0.039727 0.022569 0.028919 0.2706 0.3176 0.2157
v -0.046257 0.022387 0.036412 0.2706 0.3176 0.2157
v -0.042754 0.016287 0.035863 0.2706 0.3176 0.2157
v -0.051589 0.021790 0.040414 0.2706 0.3176 0.2157
v -0.049353 0.007995 0.031356 0.2706 0.3176 0.2157
v -0.048943 0.003956 0.015231 0.2706 0.3176 0.2157
v -0.050870 0.015112 0.037357 0.2706 0.3176 0.2157
v -0.001991 -0.001707 -0.001704 0.2745 0.3176 0.2157
v 0.000295 0.005162 0.002108 0.2706 0.3176 0.2157
v -0.004683 0.000566 0.000503 0.3921 0.3843 0.2118
v -0.002223 0.001765 0.003601 0.2784 0.3216 0.2157
v 0.000305 0.000720 0.000816 0.2784 0.3216 0.2157
v -0.001387 0.000265 0.000426 0.3372 0.3529 0.2157
v -0.000873 0.002434 0.005177 0.2706 0.3176 0.2157
v -0.002447 0.001560 0.004121 0.2706 0.3176 0.2157
v -0.004773 0.004764 0.009193 0.2706 0.3176 0.2157
v -0.006140 0.004502 0.007700 0.2706 0.3176 0.2157
v -0.008685 0.007208 0.014499 0.2706 0.3176 0.2157
v -0.010779 0.006079 0.012138 0.2706 0.3176 0.2157
v -0.012424 0.008722 0.020321 0.3176 0.3412 0.2157
v -0.015214 0.007035 0.017011 0.2706 0.3176 0.2157
v -0.015971 0.007502 0.027823 0.2706 0.3176 0.2157
v -0.020516 0.010489 0.024988 0.2706 0.3176 0.2157
v -0.022585 0.006139 0.036379 0.2706 0.3176 0.2157
v -0.028489 0.009722 0.030120 0.2706 0.3176 0.2157
v -0.030769 0.002233 0.043908 0.2706 0.3176 0.2157
v -0.037837 0.002923 0.049973 0.2706 0.3176 0.2157
v -0.036985 0.010259 0.036317 0.2706 0.3176 0.2157
v -0.046785 0.009225 0.039350 0.2706 0.3176 0.2157
v -0.041771 0.019627 0.033711 0.2706 0.3176 0.2157
v -0.032598 0.017745 0.026721 0.2706 0.3176 0.2157
v -0.048694 0.021296 0.034426 0.2706 0.3176 0.2157
v -0.059906 0.020585 0.036919 0.2706 0.3176 0.2157
v -0.070694 0.015914 0.038328 0.2941 0.3294 0.2157
v -0.058743 0.007728 0.043058 0.2706 0.3176 0.2157
v -0.071022 0.006525 0.045280 0.2706 0.3176 0.2157
v -0.056073 -0.001043 0.053411 0.2706 0.3176 0.2157
v -0.067891 0.001852 0.052420 0.2706 0.3176 0.2157
v -0.075020 0.003009 0.049651 0.2706 0.3176 0.2157
v -0.079115 0.003221 0.043780 0.2706 0.3176 0.2157
v -0.076031 0.011990 0.043790 0.2706 0.3176 0.2157
v -0.021569 0.014999 0.024792 0.2706 0.3176 0.2157
v -0.014798 0.011362 0.017976 0.2706 0.3176 0.2157
v -0.010828 0.009209 0.012351 0.2706 0.3176 0.2157
v -0.006452 0.006460 0.007174 0.2706 0.3176 0.2157
v -0.002761 0.002843 0.003525 0.2706 0.3176 0.2157
v -0.002026 0.001103 -0.000039 0.3490 0.3608 0.2118
v -0.000330 0.001263 0.003126 0.3529 0.3647 0.2118
v -0.002451 0.001695 0.001820 0.3843 0.3843 0.2118
v -0.001955 0.000691 0.002388 0.3961 0.3882 0.2118
v 0.000494 0.002366 -0.001607 0.2706 0.3176 0.2157
v 0.000542 0.003248 -0.004232 0.2706 0.3176 0.2157
v -0.001092 0.001861 -0.001176 0.2706 0.3176 0.2157
v -0.000777 0.002718 -0.003896 0.2706 0.3176 0.2157
v -0.002882 0.003005 -0.000859 0.3255 0.3490 0.2118
v -0.001642 0.003668 -0.003646 0.2706 0.3176 0.2157
v -0.001476 0.005559 -0.008893 0.2706 0.3176 0.2157
v -0.000487 0.004496 -0.008813 0.2706 0.3176 0.2157
v -0.000770 0.008389 -0.013578 0.2706 0.3176 0.2157
v -0.000331 0.006817 -0.013885 0.2706 0.3176 0.2157
v -0.002001 0.010000 -0.017819 0.2706 0.3176 0.2157
v -0.000228 0.007696 -0.018371 0.2706 0.3176 0.2157
v -0.006401 0.012500 -0.024410 0.2706 0.3176 0.2157
v -0.001830 0.007576 -0.026276 0.2706 0.3176 0.2157
v -0.009014 0.013585 -0.029303 0.2706 0.3176 0.2157
v -0.014459 0.011232 -0.033915 0.2706 0.3176 0.2157
v -0.003518 0.010548 -0.033276 0.2706 0.3176 0.2157
v -0.005148 0.011777 -0.040499 0.2706 0.3176 0.2157
v 0.006073 0.013050 -0.033178 0.2706 0.3176 0.2157
v 0.004845 0.011210 -0.027025 0.2706 0.3176 0.2157
v 0.005524 0.019892 -0.040349 0.2706 0.3176 0.2157
v 0.005069 0.023321 -0.051712 0.2706 0.3176 0.2157
v 0.004869 0.018968 -0.061892 0.2706 0.3176 0.2157
v -0.006066 0.008399 -0.047556 0.2706 0.3176 0.2157
v -0.008280 0.004998 -0.057770 0.2706 0.3176 0.2157
v -0.018136 0.011261 -0.042180 0.2706 0.3176 0.2157
v -0.021394 0.008472 -0.052352 0.2706 0.3176 0.2157
v -0.022250 0.007316 -0.061474 0.2706 0.3176 0.2157
v -0.012621 0.002209 -0.067316 0.2706 0.3176 0.2157
v -0.022736 0.003821 -0.069013 0.2706 0.3176 0.2157
v -0.021092 0.002099 -0.077566 0.4078 0.3961 0.2118
v -0.015979 -0.000109 -0.074769 0.2706 0.3176 0.2157
v -0.018800 0.001142 -0.082944 0.4078 0.3961 0.2118
v -0.007114 0.004447 -0.078473 0.2706 0.3176 0.2157
v -0.001027 0.018073 -0.070372 0.2706 0.3176 0.2157
v -0.013261 0.002452 -0.081975 0.4078 0.3961 0.2118
v 0.001810 0.008707 -0.018466 0.2706 0.3176 0.2157
v 0.000471 0.007879 -0.014076 0.2706 0.3176 0.2157
v 0.000325 0.005303 -0.008836 0.2706 0.3176 0.2157
v -0.003069 -0.000227 -0.002062 0.2706 0.3176 0.2157
v -0.001290 -0.000698 -0.001627 0.2706 0.3176 0.2157
v -0.001611 0.000678 -0.008356 0.2706 0.3176 0.2157
v -0.001594 0.003999 -0.015298 0.2706 0.3176 0.2157
v 0.000568 0.000389 -0.008366 0.2706 0.3176 0.2157
v 0.001171 0.003793 -0.014871 0.2706 0.3176 0.2157
v 0.002442 0.002175 -0.008238 0.2706 0.3176 0.2157
v 0.000018 0.000634 -0.001273 0.2706 0.3176 0.2157
v 0.003056 0.005908 -0.014078 0.2706 0.3176 0.2157
v 0.005811 0.014288 -0.021359 0.2706 0.3176 0.2157
v 0.002171 0.010956 -0.023491 0.2706 0.3176 0.2157
v 0.008797 0.017161 -0.027419 0.2706 0.3176 0.2157
v 0.013617 0.022258 -0.033041 0.2706 0.3176 0.2157
v 0.004200 0.013031 -0.029663 0.2706 0.3176 0.2157
v 0.007000 0.012194 -0.036931 0.2706 0.3176 0.2157
v 0.000160 0.013358 -0.031162 0.2706 0.3176 0.2157
v 0.000865 0.012698 -0.038790 0.2706 0.3176 0.2157
v -0.000974 0.010779 -0.024076 0.2706 0.3176 0.2157
v 0.002045 0.008667 -0.051658 0.2706 0.3176 0.2157
v 0.010314 0.011082 -0.048653 0.2706 0.3176 0.2157
v -0.001585 0.013666 -0.056213 0.2706 0.3176 0.2157
v -0.000161 0.015752 -0.064300 0.2706 0.3176 0.2157
v 0.008614 0.012373 -0.056094 0.2706 0.3176 0.2157
v 0.009332 0.014607 -0.064363 0.2706 0.3176 0.2157
v 0.012936 0.026147 -0.051275 0.2706 0.3176 0.2157
v 0.014381 0.024098 -0.043090 0.2706 0.3176 0.2157
v 0.019192 0.023823 -0.064615 0.2706 0.3176 0.2157
v 0.018156 0.021031 -0.071194 0.2706 0.3176 0.2157
v 0.020702 0.017942 -0.077898 0.2706 0.3176 0.2157
v 0.011480 0.011295 -0.073412 0.2706 0.3176 0.2157
v 0.014019 0.007243 -0.080762 0.2706 0.3176 0.2157
v 0.002603 0.008915 -0.072861 0.2706 0.3176 0.2157
v 0.006106 0.003689 -0.082502 0.2706 0.3176 0.2157
v 0.011080 0.000290 -0.091000 0.2706 0.3176 0.2157
v 0.017191 0.004598 -0.089789 0.2706 0.3176 0.2157
v 0.012217 0.004297 -0.097104 0.2706 0.3176 0.2157
v 0.012276 0.006375 -0.100056 0.2706 0.3176 0.2157
v 0.014365 0.006645 -0.096806 0.2706 0.3176 0.2157
v 0.013885 0.008047 -0.102322 0.2706 0.3176 0.2157
v 0.015694 0.010500 -0.097338 0.2706 0.3176 0.2157
v 0.018052 0.013710 -0.088369 0.2706 0.3176 0.2157
v 0.014843 0.010021 -0.100012 0.2706 0.3176 0.2157
v -0.002362 0.000538 -0.004926 0.2706 0.3176 0.2157
v -0.000417 0.000115 -0.004695 0.2706 0.3176 0.2157
v 0.001153 0.001588 -0.004459 0.2706 0.3176 0.2157
v -0.000284 0.000981 0.000559 0.2823 0.3255 0.2157
v -0.000826 -0.000587 0.000739 0.3294 0.3490 0.2157
v -0.000224 0.002252 0.004329 0.2706 0.3176 0.2157
v -0.000759 0.000598 0.004350 0.3098 0.3372 0.2157
v -0.000382 0.005108 0.007631 0.2706 0.3176 0.2157
v -0.001109 0.003628 0.008295 0.2706 0.3176 0.2157
v -0.001518 0.009930 0.009090 0.2706 0.3176 0.2157
v -0.002198 0.008083 0.011102 0.2706 0.3176 0.2157
v -0.002201 0.015267 0.008951 0.2706 0.3176 0.2157
v -0.003207 0.013040 0.012157 0.2706 0.3176 0.2157
v -0.000370 0.021214 0.011389 0.2706 0.3176 0.2157
v -0.005204 0.021012 0.013366 0.2706 0.3176 0.2157
v 0.000616 0.028785 0.015451 0.2706 0.3176 0.2157
v -0.006152 0.026059 0.018787 0.2706 0.3176 0.2157
v 0.004539 0.035359 0.022503 0.2706 0.3176 0.2157
v 0.001568 0.041358 0.028352 0.2706 0.3176 0.2157
v -0.007898 0.031875 0.025389 0.2706 0.3176 0.2157
v -0.009760 0.034326 0.033842 0.2706 0.3176 0.2157
v -0.018606 0.032459 0.025256 0.2706 0.3176 0.2157
v -0.014433 0.025927 0.018205 0.2706 0.3176 0.2157
v -0.021359 0.033888 0.030757 0.2706 0.3176 0.2157
v -0.023218 0.034656 0.039849 0.2706 0.3176 0.2157
v -0.023646 0.033122 0.049344 0.2706 0.3176 0.2157
v -0.012022 0.035620 0.043992 0.2706 0.3176 0.2157
v -0.015259 0.035742 0.053686 0.2706 0.3176 0.2157
v -0.001732 0.040819 0.046087 0.2706 0.3176 0.2157
v -0.008509 0.039379 0.054029 0.2706 0.3176 0.2157
v -0.012833 0.037906 0.058348 0.2706 0.3176 0.2157
v -0.016534 0.033515 0.060591 0.2706 0.3176 0.2157
v -0.021281 0.036798 0.055072 0.2706 0.3176 0.2157
v -0.008580 0.022019 0.012124 0.2706 0.3176 0.2157
v -0.005733 0.014595 0.009636 0.2706 0.3176 0.2157
v -0.004415 0.009110 0.009936 0.2706 0.3176 0.2157
v -0.002768 0.004039 0.008222 0.2706 0.3176 0.2157
v -0.002167 0.001197 0.004400 0.2745 0.3176 0.2157
v -0.002281 0.000102 0.001085 0.4039 0.3961 0.2118
v -0.002112 0.000650 0.000301 0.3804 0.3804 0.2118
v -0.000342 0.000702 -0.000802 0.2706 0.3176 0.2157
v -0.002119 0.002863 0.001554 0.3529 0.3647 0.2118
v -0.002722 0.005748 0.002663 0.2706 0.3176 0.2157
v -0.000630 0.002741 0.000699 0.2941 0.3294 0.2157
v -0.001478 0.005564 0.001889 0.2706 0.3176 0.2157
v -0.000152 0.003478 -0.001263 0.2706 0.3176 0.2157
v -0.001623 0.006036 0.000668 0.2863 0.3255 0.2157
v 0.000274 0.001194 -0.002734 0.2706 0.3176 0.2157
v -0.002271 0.011470 0.002078 0.2706 0.3176 0.2157
v -0.002059 0.010593 0.003218 0.2706 0.3176 0.2157
v -0.002495 0.016655 0.003992 0.2706 0.3176 0.2157
v -0.001312 0.015884 0.004851 0.2706 0.3176 0.2157
v -0.001263 0.021159 0.004316 0.2706 0.3176 0.2157
v 0.000047 0.019852 0.006613 0.2706 0.3176 0.2157
v 0.001678 0.028721 0.002647 0.2706 0.3176 0.2157
v 0.004479 0.026272 0.008515 0.2706 0.3176 0.2157
v 0.003938 0.033788 0.002199 0.2706 0.3176 0.2157
v 0.010959 0.038263 -0.000660 0.2706 0.3176 0.2157
v 0.006342 0.033720 0.009061 0.2706 0.3176 0.2157
v 0.009340 0.040481 0.010828 0.2706 0.3176 0.2157
v 0.000140 0.032971 0.017039 0.2706 0.3176 0.2157
v -0.000777 0.027493 0.013894 0.2706 0.3176 0.2157
v -0.000284 0.040641 0.022057 0.2706 0.3176 0.2157
v 0.000428 0.045115 0.026872 0.2706 0.3176 0.2157
v 0.007639 0.050040 0.033521 0.2706 0.3176 0.2157
v 0.015077 0.044900 0.014766 0.2706 0.3176 0.2157
v 0.021829 0.051614 0.020168 0.2706 0.3176 0.2157
v 0.013027 0.050895 0.002885 0.2706 0.3176 0.2157
v 0.019442 0.058508 0.007575 0.2706 0.3176 0.2157
v 0.023513 0.064400 0.013356 0.2706 0.3176 0.2157
v 0.028214 0.059535 0.023650 0.2706 0.3176 0.2157
v 0.029369 0.068079 0.017959 0.2706 0.3176 0.2157
v 0.035975 0.070187 0.024257 0.2706 0.3176 0.2157
v 0.035153 0.064135 0.025639 0.2706 0.3176 0.2157
v 0.039529 0.071294 0.029349 0.2706 0.3176 0.2157
v 0.029131 0.063561 0.035512 0.2863 0.3255 0.2157
v 0.012236 0.059101 0.035382 0.2706 0.3176 0.2157
v 0.035955 0.068075 0.032821 0.2706 0.3176 0.2157
v -0.001543 0.020063 0.008220 0.2706 0.3176 0.2157
v -0.002382 0.016469 0.005398 0.2706 0.3176 0.2157
v -0.003065 0.010856 0.003641 0.2706 0.3176 0.2157
v -0.012556 0.143712 -0.006602 0.4039 0.3961 0.2118
v -0.010986 0.142746 -0.003648 0.4078 0.3961 0.2118
v -0.012658 0.140344 -0.007333 0.4078 0.4000 0.2118
v -0.009474 0.142963 -0.005165 0.4078 0.3961 0.2118
v -0.011464 0.139617 -0.005077 0.4000 0.4432 0.2157
v -0.012126 0.145868 -0.007591 0.2902 0.3216 0.2039
v -0.013979 0.145657 -0.005937 0.2706 0.2235 0.1176
v -0.014129 0.145041 -0.003525 0.2706 0.2235 0.1176
v -0.012486 0.144381 -0.001770 0.2706 0.2235 0.1176
v -0.010014 0.144064 -0.001698 0.4078 0.3961 0.2118
v -0.008161 0.144276 -0.003352 0.4078 0.3961 0.2118
v -0.008012 0.144892 -0.005763 0.4078 0.3961 0.2118
v -0.009654 0.145552 -0.007519 0.4078 0.3961 0.2118
v -0.012339 0.148547 -0.008351 0.2706 0.2235 0.1176
v -0.015044 0.148238 -0.005936 0.2706 0.2235 0.1176
v -0.015262 0.147339 -0.002416 0.2706 0.2235 0.1176
v -0.012865 0.146376 0.000148 0.4078 0.3961 0.2118
v -0.009256 0.145913 0.000253 0.4078 0.3961 0.2118
v -0.006550 0.146222 -0.002162 0.4078 0.3961 0.2118
v -0.006333 0.147121 -0.005682 0.3372 0.3098 0.1647
v -0.008730 0.148084 -0.008245 0.2706 0.2235 0.1176
v -0.012086 0.151120 -0.007823 0.3765 0.3608 0.1922
v -0.014878 0.150800 -0.005329 0.2706 0.2235 0.1176
v -0.015101 0.149872 -0.001696 0.4000 0.3490 0.1333
v -0.012625 0.148878 0.000949 0.4000 0.3843 0.2039
v -0.008896 0.148401 0.001055 0.4078 0.3921 0.2078
v -0.006106 0.148720 -0.001440 0.4078 0.3961 0.2118
v -0.005884 0.149648 -0.005070 0.4078 0.3961 0.2118
v -0.008360 0.150642 -0.007716 0.4078 0.3961 0.2118
v -0.010307 0.139783 -0.006235 0.3921 0.4392 0.2000
v -0.004607 0.149286 -0.001206 0.4078 0.3961 0.2118
v -0.004382 0.150215 -0.004839 0.4078 0.3961 0.2118
v -0.001881 0.146721 -0.001651 0.4078 0.3961 0.2118
v -0.002463 0.147695 -0.005343 0.2902 0.3216 0.2039
v -0.002803 0.143085 -0.003038 0.4039 0.3921 0.2078
v -0.002619 0.143848 -0.006024 0.4078 0.3961 0.2118
v -0.001573 0.140589 -0.004498 0.4078 0.3961 0.2118
v -0.001222 0.141304 -0.005626 0.4078 0.3961 0.2118
v -0.004550 0.149290 -0.003143 0.4078 0.3961 0.2118
v -0.003174 0.146643 -0.003111 0.4078 0.3961 0.2118
v -0.002766 0.143006 -0.004652 0.4078 0.3961 0.2118
v -0.001149 0.140461 -0.005284 0.4078 0.3961 0.2118
v -0.002753 0.141529 -0.003778 0.4078 0.3961 0.2118
v -0.002123 0.142577 -0.005609 0.4078 0.3961 0.2118
v -0.002273 0.141616 -0.004903 0.4078 0.3961 0.2118
v -0.007858 0.148770 0.002246 0.6745 0.5216 0.3176
v -0.005070 0.149091 -0.000252 0.4078 0.3961 0.2118
v -0.007101 0.146309 0.003865 0.4196 0.4078 0.2118
v -0.003923 0.147549 0.001499 0.4118 0.4000 0.2118
v -0.005573 0.140469 0.001513 0.2902 0.3216 0.2039
v -0.002762 0.141362 0.000601 0.3019 0.3294 0.2039
v -0.003895 0.137834 0.001167 0.2902 0.3216 0.2039
v -0.002681 0.138493 0.001190 0.2902 0.3216 0.2039
v -0.006519 0.148471 0.000876 0.4078 0.3961 0.2118
v -0.005491 0.146773 0.001106 0.4275 0.4078 0.2157
v -0.004114 0.140503 0.000818 0.2902 0.3216 0.2039
v -0.003013 0.137644 0.001146 0.2941 0.3255 0.2039
v -0.004992 0.139029 0.000764 0.2902 0.3216 0.2039
v -0.003003 0.139974 0.000818 0.2902 0.3216 0.2039
v -0.003767 0.139052 0.000708 0.2902 0.3216 0.2039
v -0.012601 0.149268 0.002526 0.4235 0.4078 0.2118
v -0.009629 0.148905 0.002390 0.4078 0.3961 0.2118
v -0.013331 0.147214 0.003630 0.4078 0.3961 0.2118
v -0.009548 0.146875 0.002933 0.4078 0.3961 0.2118
v -0.011977 0.142487 0.003825 0.4078 0.3961 0.2118
v -0.009321 0.141986 0.002334 0.4078 0.3961 0.2118
v -0.011700 0.139367 0.003568 0.2706 0.2235 0.1176
v -0.010347 0.139415 0.003293 0.2706 0.2235 0.1176
v -0.011547 0.148682 0.002219 0.4078 0.3961 0.2118
v -0.011454 0.146661 0.003213 0.4078 0.3961 0.2118
v -0.010829 0.141833 0.002894 0.4078 0.3961 0.2118
v -0.011010 0.138803 0.003424 0.2706 0.2235 0.1176
v -0.012241 0.140904 0.003195 0.3137 0.2784 0.1490
v -0.010079 0.140864 0.002779 0.3137 0.2784 0.1490
v -0.011167 0.140375 0.002929 0.2745 0.2275 0.1176
v -0.008204 0.151743 -0.008901 0.4078 0.3961 0.2118
v -0.011930 0.152219 -0.009001 0.4000 0.3882 0.2078
v -0.016065 0.150495 -0.000552 0.7490 0.6745 0.1882
v -0.013590 0.149501 0.002094 0.7137 0.6471 0.1922
v -0.017011 0.147854 0.001653 0.2706 0.2235 0.1176
v -0.014326 0.147076 0.002659 0.4078 0.3961 0.2118
v -0.016905 0.144134 0.000199 0.4078 0.3961 0.2118
v -0.014918 0.143402 0.001589 0.4078 0.3961 0.2118
v -0.017028 0.141116 0.001030 0.2706 0.2235 0.1176
v -0.016237 0.141180 0.001935 0.2706 0.2235 0.1176
v -0.014883 0.149538 0.000650 0.3412 0.2902 0.1255
v -0.015687 0.147084 0.002076 0.2784 0.2353 0.1216
v -0.015948 0.143315 0.000746 0.4078 0.3961 0.2118
v -0.016697 0.140589 0.001632 0.2706 0.2235 0.1176
v -0.016891 0.142419 0.000022 0.3882 0.3725 0.2000
v -0.015654 0.142417 0.001509 0.4078 0.3961 0.2118
v -0.016308 0.141917 0.000851 0.4039 0.3921 0.2078
v -0.016202 0.151723 -0.005159 0.4980 0.4667 0.2078
v -0.016420 0.150794 -0.001525 0.7490 0.6745 0.1882
v -0.018398 0.151189 -0.006081 0.2941 0.3216 0.2039
v -0.018399 0.149746 -0.002958 0.2902 0.3216 0.2039
v -0.018464 0.146944 -0.007326 0.4078 0.3961 0.2118
v -0.019854 0.145495 -0.005661 0.4078 0.3961 0.2118
v -0.020131 0.144915 -0.009053 0.2706 0.2235 0.1176
v -0.021008 0.144619 -0.008028 0.2706 0.2235 0.1176
v -0.016367 0.150798 -0.003463 0.2902 0.3216 0.2039
v -0.018088 0.149703 -0.004011 0.2902 0.3216 0.2039
v -0.018768 0.145441 -0.006146 0.4078 0.3961 0.2118
v -0.020378 0.144138 -0.008427 0.2784 0.2314 0.1176
v -0.018793 0.145539 -0.008268 0.4078 0.3961 0.2118
v -0.020264 0.145015 -0.006715 0.4078 0.3961 0.2118
v -0.019260 0.144654 -0.007320 0.4078 0.3961 0.2118
v -0.012950 0.152241 -0.008619 0.2706 0.2235 0.1176
v -0.015737 0.151920 -0.006121 0.7059 0.6354 0.1804
v -0.015174 0.150870 -0.011336 0.7490 0.6745 0.1882
v -0.017449 0.150272 -0.008274 0.3568 0.3059 0.1255
v -0.016727 0.142977 -0.012944 0.2902 0.3216 0.2039
v -0.016476 0.140836 -0.010733 0.2902 0.3216 0.2039
v -0.018079 0.140381 -0.014090 0.2902 0.3216 0.2039
v -0.018210 0.139788 -0.012849 0.2902 0.3216 0.2039
v -0.014399 0.151620 -0.007491 0.2706 0.2235 0.1176
v -0.016400 0.150204 -0.009902 0.4078 0.3961 0.2118
v -0.016589 0.141563 -0.012172 0.2902 0.3216 0.2039
v -0.018424 0.139633 -0.013722 0.2902 0.3216 0.2039
v -0.016883 0.141527 -0.013863 0.2902 0.3216 0.2039
v -0.017167 0.140503 -0.011934 0.2902 0.3216 0.2039
v -0.017217 0.140601 -0.013131 0.2902 0.3216 0.2039
v -0.010642 0.148686 -0.014231 0.4078 0.3961 0.2118
v -0.014314 0.148507 -0.013049 0.4157 0.4039 0.2118
v -0.010021 0.144550 -0.013373 0.2902 0.3216 0.2039
v -0.012445 0.145090 -0.014633 0.2902 0.3216 0.2039
v -0.010764 0.142168 -0.015485 0.3529 0.3608 0.2078
v -0.011807 0.142885 -0.016040 0.2902 0.3216 0.2039
v -0.010122 0.151521 -0.009072 0.4078 0.3961 0.2118
v -0.012511 0.148212 -0.013697 0.4078 0.3961 0.2118
v -0.011319 0.144397 -0.014020 0.2902 0.3216 0.2039
v -0.011423 0.142059 -0.016092 0.4039 0.3921 0.2118
v -0.010380 0.143024 -0.014102 0.2902 0.3216 0.2039
v -0.012054 0.144080 -0.015067 0.2902 0.3216 0.2039
v -0.011364 0.143125 -0.014827 0.2902 0.3216 0.2039
v -0.004746 0.150521 -0.005835 0.3882 0.3725 0.2000
v -0.007228 0.151514 -0.008476 0.2706 0.2235 0.1176
v -0.002166 0.148569 -0.006332 0.2902 0.3216 0.2039
v -0.004467 0.148670 -0.009432 0.7490 0.6745 0.1882
v -0.002301 0.139613 -0.008531 0.2902 0.3216 0.2039
v -0.004351 0.139516 -0.010837 0.2745 0.2392 0.1333
v -0.001613 0.137038 -0.010197 0.4078 0.3961 0.2118
v -0.002326 0.137451 -0.011306 0.4078 0.3961 0.2118
v -0.006042 0.150557 -0.007277 0.2706 0.2235 0.1176
v -0.004190 0.148019 -0.007082 0.2902 0.3216 0.2039
v -0.003298 0.139086 -0.009688 0.2902 0.3216 0.2039
v -0.001789 0.136764 -0.011038 0.4078 0.3961 0.2118
v -0.002258 0.137940 -0.008946 0.4000 0.3921 0.2118
v -0.003340 0.138513 -0.010777 0.4078 0.3961 0.2118
v -0.002683 0.137781 -0.010085 0.4078 0.3961 0.2118
v -0.015905 0.146210 -0.012835 0.4078 0.3961 0.2118
v -0.018188 0.145779 -0.010277 0.4078 0.3961 0.2118
v -0.017118 0.145581 -0.011665 0.4078 0.3961 0.2118
v -0.013372 0.151044 -0.011002 0.4196 0.4039 0.2118
v -0.009673 0.150896 -0.011543 0.7490 0.6745 0.1882
v -0.011161 0.150267 -0.010438 0.4078 0.3961 0.2118
v -0.001912 0.144777 -0.007260 0.4078 0.3961 0.2118
v -0.003702 0.144899 -0.010213 0.4078 0.3961 0.2118
v -0.002804 0.144406 -0.008777 0.4078 0.3961 0.2118
v -0.004760 0.141886 -0.010649 0.4078 0.3961 0.2118
v -0.003785 0.141425 -0.009357 0.2902 0.3216 0.2039
v -0.002840 0.141874 -0.008019 0.2902 0.3216 0.2039
v -0.005379 0.144119 0.001782 0.4078 0.3961 0.2118
v -0.002411 0.145254 0.000423 0.5843 0.4745 0.2823
v -0.003826 0.144312 0.000894 0.4078 0.3961 0.2118
v -0.004350 0.001072 -0.002550 0.2706 0.3176 0.2157
v -0.002317 0.001871 0.001629 0.3921 0.3843 0.2118
v -0.000235 0.001907 -0.000410 0.2706 0.3176 0.2157
v -0.011986 0.085191 -0.014651 0.4078 0.3961 0.2118
v -0.006038 0.041686 -0.010934 0.4078 0.3961 0.2118
v -0.013165 0.085156 -0.013516 0.4078 0.3961 0.2118
v -0.007213 0.041643 -0.009798 0.4078 0.3961 0.2118
v -0.014329 0.085047 -0.015882 0.4078 0.3961 0.2118
v -0.008370 0.041338 -0.012150 0.4078 0.3961 0.2118
v -0.002585 0.005657 -0.001873 0.3019 0.3333 0.2118
v -0.003876 0.005634 -0.000609 0.3843 0.3843 0.2118
v -0.005135 0.005148 -0.003198 0.2706 0.3176 0.2157
v -0.061157 0.087159 -0.055229 0.2706 0.2235 0.1176
v -0.013547 0.116439 -0.012436 0.4078 0.3961 0.2118
v -0.014651 0.116391 -0.011370 0.4078 0.3961 0.2118
v -0.015750 0.116509 -0.013566 0.4078 0.3961 0.2118
v -0.062670 0.086711 -0.056119 0.2706 0.2235 0.1176
v -0.064085 0.087237 -0.055118 0.2706 0.2235 0.1176
v -0.012943 0.128382 -0.010548 0.4078 0.3961 0.2118
v -0.014068 0.128292 -0.009443 0.4078 0.3961 0.2118
v -0.015228 0.128615 -0.011703 0.4078 0.3961 0.2118
v -0.063447 0.088010 -0.053609 0.2706 0.2235 0.1176
v -0.061637 0.087962 -0.053678 0.2706 0.2235 0.1176
v -0.003753 0.024822 -0.006746 0.4078 0.3961 0.2118
v -0.004998 0.024762 -0.005524 0.4078 0.3961 0.2118
v -0.006223 0.024409 -0.008038 0.4078 0.3961 0.2118
v -0.063447 0.088010 -0.053609 0.2706 0.2235 0.1176
v -0.061157 0.087159 -0.055229 0.2706 0.2235 0.1176
v -0.063033 0.085243 -0.052699 0.2706 0.2235 0.1176
v -0.062670 0.086711 -0.056119 0.2706 0.2235 0.1176
v -0.061236 0.084660 -0.053922 0.2706 0.2235 0.1176
v -0.064715 0.089454 -0.054265 0.2706 0.2235 0.1176
v -0.063034 0.090021 -0.053142 0.2706 0.2235 0.1176
v -0.060956 0.089873 -0.053401 0.2706 0.2235 0.1176
v -0.059698 0.089096 -0.054891 0.2706 0.2235 0.1176
v -0.059997 0.088145 -0.056739 0.2706 0.2235 0.1176
v -0.061677 0.087578 -0.057862 0.3216 0.2902 0.1569
v -0.063755 0.087726 -0.057602 0.4078 0.3961 0.2118
v -0.065013 0.088503 -0.056112 0.4078 0.3961 0.2118
v -0.065787 0.091518 -0.054605 0.4078 0.3961 0.2118
v -0.063334 0.092347 -0.052966 0.4078 0.3961 0.2118
v -0.060301 0.092130 -0.053344 0.4039 0.3882 0.2078
v -0.058464 0.090995 -0.055519 0.4078 0.3961 0.2118
v -0.058900 0.089608 -0.058217 0.4078 0.3961 0.2118
v -0.061353 0.088780 -0.059856 0.4078 0.3961 0.2118
v -0.064386 0.088996 -0.059478 0.4078 0.3961 0.2118
v -0.066223 0.090131 -0.057303 0.4078 0.3961 0.2118
v -0.065883 0.093521 -0.055562 0.4078 0.3961 0.2118
v -0.063350 0.094375 -0.053870 0.4078 0.3961 0.2118
v -0.060219 0.094151 -0.054262 0.4078 0.3961 0.2118
v -0.058324 0.092980 -0.056508 0.4078 0.3961 0.2118
v -0.058777 0.091546 -0.059295 0.3176 0.2863 0.1490
v -0.061310 0.090693 -0.060985 0.4078 0.3961 0.2118
v -0.064439 0.090917 -0.060593 0.4078 0.3961 0.2118
v -0.066334 0.092088 -0.058346 0.4078 0.3961 0.2118
v -0.062380 0.084286 -0.054617 0.2706 0.2235 0.1176
v -0.061479 0.090732 -0.062337 0.4078 0.3961 0.2118
v -0.064610 0.090956 -0.061947 0.4078 0.3961 0.2118
v -0.061819 0.087887 -0.063704 0.2980 0.3255 0.2039
v -0.064870 0.088372 -0.062688 0.3019 0.3294 0.2039
v -0.062104 0.085143 -0.061775 0.2902 0.3216 0.2039
v -0.064677 0.085327 -0.061454 0.2902 0.3216 0.2039
v -0.063021 0.082660 -0.061779 0.2902 0.3216 0.2039
v -0.064119 0.082983 -0.061983 0.2902 0.3216 0.2039
v -0.063047 0.090485 -0.061957 0.4078 0.3961 0.2118
v -0.062760 0.088023 -0.062365 0.2902 0.3216 0.2039
v -0.063393 0.084876 -0.061429 0.2902 0.3216 0.2039
v -0.063700 0.082344 -0.061903 0.2902 0.3216 0.2039
v -0.062418 0.083822 -0.061261 0.2902 0.3216 0.2039
v -0.064191 0.084240 -0.061609 0.2902 0.3216 0.2039
v -0.063419 0.083617 -0.061407 0.2902 0.3216 0.2039
v -0.058063 0.091680 -0.060452 0.4157 0.4000 0.2118
v -0.060598 0.090828 -0.062140 0.4078 0.3961 0.2118
v -0.056431 0.089733 -0.060776 0.4118 0.4000 0.2118
v -0.059098 0.089502 -0.063024 0.4078 0.3961 0.2118
v -0.057494 0.084442 -0.059976 0.4078 0.3961 0.2118
v -0.058865 0.084221 -0.062173 0.4078 0.3961 0.2118
v -0.057565 0.081857 -0.060537 0.4078 0.3961 0.2118
v -0.057873 0.082026 -0.061646 0.4078 0.3961 0.2118
v -0.059333 0.090895 -0.061111 0.4078 0.3961 0.2118
v -0.059006 0.089300 -0.061531 0.4078 0.3961 0.2118
v -0.058304 0.083966 -0.060960 0.4078 0.3961 0.2118
v -0.057695 0.081452 -0.061166 0.4078 0.3961 0.2118
v -0.057927 0.083059 -0.059900 0.4078 0.3961 0.2118
v -0.058393 0.083231 -0.061686 0.4078 0.3961 0.2118
v -0.058182 0.082717 -0.060840 0.4078 0.3961 0.2118
v -0.057133 0.093468 -0.056971 0.4078 0.3961 0.2118
v -0.057674 0.092312 -0.059147 0.4118 0.4000 0.2118
v -0.055742 0.092205 -0.056133 0.4078 0.3961 0.2118
v -0.056874 0.090767 -0.058821 0.4078 0.3961 0.2118
v -0.054935 0.088142 -0.056037 0.4078 0.3961 0.2118
v -0.056487 0.086806 -0.057639 0.4078 0.3961 0.2118
v -0.054609 0.085591 -0.055413 0.2902 0.3216 0.2039
v -0.055066 0.085207 -0.056411 0.2902 0.3216 0.2039
v -0.057448 0.092670 -0.057571 0.4078 0.3961 0.2118
v -0.056289 0.091182 -0.057354 0.4078 0.3961 0.2118
v -0.055754 0.087188 -0.056557 0.3686 0.3725 0.2078
v -0.054735 0.084934 -0.055773 0.2902 0.3216 0.2039
v -0.055103 0.086904 -0.055299 0.2902 0.3216 0.2039
v -0.055793 0.086200 -0.056869 0.2902 0.3216 0.2039
v -0.055399 0.086149 -0.055938 0.2902 0.3216 0.2039
v -0.067517 0.092762 -0.058483 0.4078 0.3961 0.2118
v -0.067060 0.094194 -0.055699 0.4078 0.3961 0.2118
v -0.059254 0.095054 -0.053924 0.4078 0.3961 0.2118
v -0.057358 0.093883 -0.056169 0.4078 0.3961 0.2118
v -0.056831 0.093526 -0.053014 0.4078 0.3961 0.2118
v -0.056330 0.092267 -0.055116 0.4078 0.3961 0.2118
v -0.057328 0.090412 -0.051845 0.4078 0.3961 0.2118
v -0.056408 0.089435 -0.053502 0.4078 0.3961 0.2118
v -0.056078 0.088187 -0.051175 0.4078 0.3961 0.2118
v -0.055496 0.088118 -0.052001 0.4078 0.3961 0.2118
v -0.058308 0.094110 -0.054862 0.4078 0.3961 0.2118
v -0.056571 0.092594 -0.053938 0.4078 0.3961 0.2118
v -0.056896 0.089561 -0.052499 0.4078 0.3961 0.2118
v -0.055552 0.087752 -0.051431 0.4078 0.3961 0.2118
v -0.057154 0.089045 -0.051387 0.4078 0.3961 0.2118
v -0.056166 0.088866 -0.052669 0.4078 0.3961 0.2118
v -0.056492 0.088585 -0.051893 0.4078 0.3961 0.2118
v -0.063162 0.095499 -0.053115 0.4078 0.3961 0.2118
v -0.060032 0.095273 -0.053511 0.4039 0.3921 0.2078
v -0.063435 0.095602 -0.051081 0.7490 0.6745 0.1882
v -0.060657 0.094850 -0.051403 0.3608 0.3137 0.1294
v -0.063636 0.092151 -0.049692 0.2902 0.3216 0.2039
v -0.061796 0.091618 -0.048619 0.2902 0.3216 0.2039
v -0.064368 0.090836 -0.047516 0.2902 0.3216 0.2039
v -0.063342 0.090980 -0.046988 0.2902 0.3216 0.2039
v -0.061599 0.095027 -0.053128 0.3294 0.3019 0.1608
v -0.061547 0.094600 -0.051402 0.2823 0.2353 0.1176
v -0.062358 0.091205 -0.049339 0.2902 0.3216 0.2039
v -0.063680 0.090375 -0.047267 0.2902 0.3216 0.2039
v -0.064078 0.091033 -0.048879 0.2902 0.3216 0.2039
v -0.062485 0.091235 -0.047951 0.2902 0.3216 0.2039
v -0.063073 0.090590 -0.048504 0.2902 0.3216 0.2039
v -0.066586 0.094551 -0.055000 0.4078 0.3961 0.2118
v -0.064050 0.095403 -0.053313 0.4078 0.3961 0.2118
v -0.068142 0.093791 -0.052340 0.4784 0.4510 0.2078
v -0.065187 0.094348 -0.051103 0.6745 0.6118 0.1961
v -0.067708 0.087872 -0.048807 0.2902 0.3216 0.2039
v -0.065576 0.086392 -0.048950 0.2902 0.3216 0.2039
v -0.067920 0.086093 -0.046859 0.2902 0.3216 0.2039
v -0.066791 0.085817 -0.046882 0.2902 0.3216 0.2039
v -0.065320 0.094619 -0.053971 0.4078 0.3961 0.2118
v -0.066660 0.093796 -0.051540 0.4078 0.3961 0.2118
v -0.066849 0.086820 -0.048729 0.2902 0.3216 0.2039
v -0.067428 0.085651 -0.046486 0.2902 0.3216 0.2039
v -0.068152 0.086672 -0.048121 0.2902 0.3216 0.2039
v -0.066363 0.086185 -0.048068 0.2902 0.3216 0.2039
v -0.067335 0.086133 -0.047791 0.2902 0.3216 0.2039
v -0.070825 0.090430 -0.054662 0.4078 0.3961 0.2118
v -0.069224 0.091489 -0.052037 0.4078 0.3961 0.2118
v -0.069472 0.087120 -0.054292 0.4078 0.3961 0.2118
v -0.070178 0.088089 -0.052277 0.4078 0.3961 0.2118
v -0.070603 0.085217 -0.052657 0.2902 0.3216 0.2039
v -0.071006 0.086011 -0.051909 0.2902 0.3216 0.2039
v -0.067291 0.093119 -0.056906 0.4078 0.3961 0.2118
v -0.069994 0.090662 -0.053215 0.4078 0.3961 0.2118
v -0.069745 0.087296 -0.053109 0.2980 0.3255 0.2039
v -0.070959 0.085248 -0.051987 0.2902 0.3216 0.2039
v -0.069714 0.085943 -0.053473 0.2902 0.3216 0.2039
v -0.070405 0.087134 -0.052231 0.2902 0.3216 0.2039
v -0.070150 0.086218 -0.052578 0.2902 0.3216 0.2039
v -0.065407 0.091180 -0.061523 0.4078 0.3961 0.2118
v -0.067297 0.092353 -0.059274 0.4078 0.3961 0.2118
v -0.065877 0.088851 -0.062919 0.4078 0.3961 0.2118
v -0.068002 0.089219 -0.060485 0.4078 0.3961 0.2118
v -0.065959 0.081621 -0.060087 0.2902 0.3216 0.2039
v -0.067451 0.081858 -0.057972 0.2980 0.3255 0.2039
v -0.066936 0.079209 -0.059608 0.2902 0.3216 0.2039
v -0.067784 0.079603 -0.058916 0.2902 0.3216 0.2039
v -0.066354 0.091408 -0.060213 0.4078 0.3961 0.2118
v -0.066038 0.088913 -0.061052 0.4078 0.3961 0.2118
v -0.066624 0.081357 -0.058930 0.2902 0.3216 0.2039
v -0.067532 0.078943 -0.059218 0.2902 0.3216 0.2039
v -0.065990 0.080251 -0.059610 0.2902 0.3216 0.2039
v -0.067386 0.080789 -0.058515 0.3333 0.3451 0.2078
v -0.066804 0.080111 -0.058991 0.2902 0.3216 0.2039
v -0.068359 0.090177 -0.050278 0.2902 0.3216 0.2039
v -0.065839 0.090805 -0.048966 0.2902 0.3216 0.2039
v -0.067098 0.090175 -0.049438 0.2902 0.3216 0.2039
v -0.068209 0.093449 -0.053851 0.7059 0.6393 0.1922
v -0.069238 0.092204 -0.056555 0.7451 0.6706 0.1882
v -0.067983 0.092273 -0.055489 0.3451 0.3216 0.1686
v -0.065962 0.085700 -0.061962 0.2902 0.3216 0.2039
v -0.068058 0.085955 -0.059960 0.3019 0.3294 0.2039
v -0.066963 0.085484 -0.060846 0.2902 0.3216 0.2039
v -0.067671 0.083851 -0.058291 0.2902 0.3216 0.2039
v -0.066710 0.083366 -0.059213 0.2902 0.3216 0.2039
v -0.065877 0.083606 -0.060349 0.2902 0.3216 0.2039
v -0.057988 0.087273 -0.061101 0.4078 0.3961 0.2118
v -0.059790 0.087143 -0.063381 0.4078 0.3961 0.2118
v -0.058999 0.086871 -0.062155 0.4078 0.3961 0.2118
v -0.006212 0.000104 0.000216 0.3412 0.3568 0.2118
v -0.002519 0.001920 0.000988 0.4039 0.3921 0.2118
v -0.002789 0.001665 -0.001460 0.2745 0.3176 0.2157
v -0.046284 0.043397 -0.035649 0.4078 0.4000 0.2118
v -0.018069 0.023196 -0.014802 0.4078 0.3961 0.2118
v -0.045716 0.044292 -0.034750 0.4078 0.3961 0.2118
v -0.018307 0.023702 -0.013543 0.4078 0.3961 0.2118
v -0.047791 0.043698 -0.034078 0.4078 0.3961 0.2118
v -0.020098 0.022299 -0.014212 0.3372 0.3568 0.2118
v -0.006914 0.003222 -0.001052 0.2706 0.3176 0.2157
v -0.006742 0.003433 0.000475 0.2706 0.3176 0.2157
v -0.008942 0.002375 -0.000024 0.2706 0.3176 0.2157
v -0.058317 0.061059 -0.044247 0.4078 0.3961 0.2118
v -0.057503 0.061634 -0.043493 0.4078 0.3961 0.2118
v -0.058999 0.061217 -0.042609 0.4078 0.3961 0.2118
v -0.062407 0.074715 -0.050479 0.4078 0.3961 0.2118
v -0.061258 0.075031 -0.049869 0.4078 0.3961 0.2118
v -0.062618 0.075295 -0.048661 0.4078 0.3961 0.2118
v -0.029544 0.032500 -0.025849 0.4078 0.3961 0.2118
v -0.029756 0.033172 -0.024621 0.4078 0.3961 0.2118
v -0.031345 0.031709 -0.024897 0.4078 0.3961 0.2118
v -0.010463 0.008550 -0.004840 0.2706 0.3176 0.2157
v -0.010485 0.008851 -0.003396 0.2706 0.3176 0.2157
v -0.012628 0.007768 -0.004034 0.2706 0.3176 0.2157
v 0.004414 0.092820 0.009092 0.2902 0.3216 0.2039
v 0.003692 0.092723 0.011558 0.3098 0.3333 0.2078
v 0.005278 0.092806 0.011514 0.4078 0.3961 0.2118
v -0.000448 0.001995 -0.002245 0.2706 0.3176 0.2157
v -0.002275 0.001965 0.000968 0.4000 0.3882 0.2118
v -0.000127 0.002021 0.001464 0.3176 0.3412 0.2157
v 0.004396 0.094775 0.007759 0.2902 0.3216 0.2039
v 0.001747 0.094592 0.009653 0.4078 0.3961 0.2118
v 0.002730 0.094568 0.012764 0.2902 0.3216 0.2039
v 0.005988 0.094736 0.012792 0.4078 0.3961 0.2118
v 0.007018 0.094864 0.009699 0.2902 0.3216 0.2039
v 0.004158 0.099493 0.007186 0.2902 0.3216 0.2039
v 0.000853 0.099265 0.009549 0.2902 0.3216 0.2039
v 0.002080 0.099235 0.013429 0.2902 0.3216 0.2039
v 0.006144 0.099444 0.013464 0.4078 0.3961 0.2118
v 0.007428 0.099603 0.009606 0.2902 0.3216 0.2039
v 0.003991 0.102597 0.008038 0.2902 0.3216 0.2039
v 0.001427 0.102420 0.009871 0.2902 0.3216 0.2039
v 0.002379 0.102397 0.012880 0.2902 0.3216 0.2039
v 0.005531 0.102559 0.012908 0.3019 0.3255 0.2039
v 0.006527 0.102683 0.009915 0.2902 0.3216 0.2039
v 0.003885 0.104204 0.010763 0.2902 0.3216 0.2039
v 0.005009 0.089895 0.009211 0.4078 0.3961 0.2118
v 0.004348 0.089805 0.011469 0.4078 0.3961 0.2118
v 0.005800 0.089882 0.011428 0.4078 0.3961 0.2118
v 0.013404 0.063464 0.004990 0.4078 0.3961 0.2118
v 0.008186 0.032667 0.003055 0.2706 0.3176 0.2157
v 0.013538 0.063695 0.007074 0.4078 0.3961 0.2118
v 0.008394 0.032610 0.005173 0.2706 0.3176 0.2157
v 0.007109 0.032709 0.004890 0.2706 0.3176 0.2157
v 0.012374 0.063296 0.006868 0.4078 0.3961 0.2118
v -0.001208 0.005018 -0.001516 0.2706 0.3176 0.2157
v -0.000991 0.005034 0.000931 0.2823 0.3255 0.2157
v -0.002393 0.004992 0.000601 0.3412 0.3568 0.2118
v 0.000434 0.019632 0.001855 0.2823 0.3216 0.2157
v 0.001623 0.019625 -0.000118 0.3843 0.3804 0.2118
v 0.001921 0.019606 0.002169 0.2706 0.3176 0.2157
v 0.014010 0.047743 0.005139 0.2706 0.3176 0.2157
v 0.014177 0.047702 0.007229 0.2706 0.3176 0.2157
v 0.012957 0.047769 0.006996 0.2706 0.3176 0.2157
v 0.007272 0.075018 0.007296 0.4078 0.3961 0.2118
v 0.007932 0.075508 0.005611 0.4078 0.3961 0.2118
v 0.008344 0.075408 0.007488 0.4078 0.3961 0.2118
v -0.000889 0.012531 -0.000800 0.3059 0.3372 0.2157
v -0.000659 0.012537 0.001567 0.2745 0.3176 0.2157
v -0.002090 0.012523 0.001244 0.2784 0.3216 0.2157
v -0.006432 0.138152 0.016324 0.7294 0.6471 0.1843
v -0.003768 0.138236 0.011157 0.7490 0.6745 0.1882
v -0.017882 0.139660 0.015424 0.7490 0.6745 0.1882
v -0.007685 0.146654 0.012362 0.7490 0.6745 0.1882
v -0.003736 0.146068 0.009434 0.7490 0.6745 0.1882
v -0.014970 0.147873 0.013235 0.7490 0.6745 0.1882
v -0.008850 0.153413 0.004641 0.7490 0.6745 0.1882
v -0.006914 0.153454 0.003536 0.7490 0.6745 0.1882
v -0.011792 0.154450 0.005254 0.7490 0.6745 0.1882
v -0.010715 0.150383 -0.003151 0.7490 0.6745 0.1882
v -0.003468 0.154219 0.000296 0.7490 0.6745 0.1882
v -0.004570 0.153895 0.002364 0.7490 0.6745 0.1882
v -0.016210 0.156116 -0.004555 0.7490 0.6745 0.1882
v -0.014958 0.156277 -0.007715 0.7490 0.6745 0.1882
v -0.003106 0.154550 -0.002260 0.7490 0.6745 0.1882
v -0.016707 0.155773 -0.002035 0.7490 0.6745 0.1882
v -0.002899 0.155357 -0.005313 0.7490 0.6745 0.1882
v -0.015913 0.154840 0.001002 0.7490 0.6745 0.1882
v -0.004243 0.156476 -0.007590 0.7490 0.6745 0.1882
v -0.014437 0.154478 0.003723 0.7490 0.6745 0.1882
v -0.007059 0.156368 -0.008919 0.7490 0.6745 0.1882
v -0.009821 0.156472 -0.009297 0.7490 0.6745 0.1882
v -0.012929 0.156891 -0.008840 0.7490 0.6745 0.1882
v -0.016598 0.156664 -0.017058 0.7490 0.6745 0.1882
v -0.009790 0.156023 -0.018079 0.7490 0.6745 0.1882
v -0.020492 0.157203 -0.014086 0.7490 0.6745 0.1882
v -0.018797 0.150988 -0.022782 0.7490 0.6745 0.1882
v -0.009551 0.150422 -0.023571 0.7490 0.6745 0.1882
v -0.023270 0.151125 -0.020173 0.7490 0.6745 0.1882
v -0.028331 0.148231 -0.011265 0.7490 0.6745 0.1882
v -0.030705 0.146546 -0.004437 0.7490 0.6745 0.1882
v -0.023473 0.153766 -0.007538 0.7490 0.6745 0.1882
v -0.024825 0.152482 -0.001978 0.7490 0.6745 0.1882
v -0.023617 0.150771 0.004485 0.7490 0.6745 0.1882
v -0.020551 0.149470 0.010246 0.7490 0.6745 0.1882
v -0.029239 0.144310 0.004102 0.7490 0.6745 0.1882
v -0.024614 0.142122 0.011500 0.7490 0.6745 0.1882
v -0.002828 0.149125 -0.022176 0.7490 0.6745 0.1882
v 0.004997 0.147622 -0.017098 0.7490 0.6745 0.1882
v -0.003919 0.155183 -0.017222 0.7490 0.6745 0.1882
v 0.002247 0.154272 -0.014058 0.7490 0.6745 0.1882
v 0.005603 0.151671 -0.008665 0.7490 0.6745 0.1882
v 0.005352 0.148511 -0.002769 0.7490 0.6745 0.1882
v 0.009096 0.144483 -0.009639 0.7490 0.6745 0.1882
v 0.008818 0.142502 -0.003576 0.7490 0.6745 0.1882
v 0.006304 0.140556 0.004716 0.7490 0.6745 0.1882
v 0.002966 0.139117 0.009879 0.7490 0.6745 0.1882
v 0.004207 0.149146 0.003197 0.7490 0.6745 0.1882
v 0.001556 0.148661 0.007652 0.7490 0.6745 0.1882
v -0.045013 0.084662 -0.061982 0.7490 0.6745 0.1882
v -0.049631 0.083339 -0.062929 0.7490 0.6745 0.1882
v -0.044093 0.089028 -0.053309 0.7490 0.6745 0.1882
v -0.049567 0.091194 -0.062275 0.7490 0.6745 0.1882
v -0.052475 0.089247 -0.064539 0.7490 0.6745 0.1882
v -0.047867 0.094349 -0.057139 0.7490 0.6745 0.1882
v -0.056832 0.095885 -0.061375 0.7490 0.6745 0.1882
v -0.058054 0.095226 -0.062639 0.7490 0.6745 0.1882
v -0.056038 0.097616 -0.059494 0.7490 0.6745 0.1882
v -0.062220 0.093113 -0.057463 0.7490 0.6745 0.1882
v -0.061379 0.094443 -0.064784 0.7490 0.6745 0.1882
v -0.059471 0.094756 -0.064305 0.7490 0.6745 0.1882
v -0.063491 0.099009 -0.054343 0.7490 0.6745 0.1882
v -0.066271 0.098394 -0.054657 0.7490 0.6745 0.1882
v -0.063556 0.094289 -0.064586 0.7490 0.6745 0.1882
v -0.061317 0.099187 -0.054425 0.7490 0.6745 0.1882
v -0.066195 0.094493 -0.064279 0.7490 0.6745 0.1882
v -0.058836 0.098596 -0.055472 0.7490 0.6745 0.1882
v -0.068007 0.095481 -0.063021 0.7490 0.6745 0.1882
v -0.056829 0.098215 -0.057120 0.7490 0.6745 0.1882
v -0.068583 0.096046 -0.060524 0.7490 0.6745 0.1882
v -0.068442 0.096877 -0.058331 0.7490 0.6745 0.1882
v -0.067630 0.098155 -0.056134 0.7490 0.6745 0.1882
v -0.073578 0.098043 -0.051436 0.7490 0.6745 0.1882
v -0.075424 0.095459 -0.056315 0.7490 0.6745 0.1882
v -0.070635 0.099943 -0.049213 0.7490 0.6745 0.1882
v -0.076757 0.093548 -0.047056 0.7490 0.6745 0.1882
v -0.078839 0.090348 -0.053891 0.7490 0.6745 0.1882
v -0.073933 0.095256 -0.044204 0.7490 0.6745 0.1882
v -0.065384 0.095523 -0.041521 0.7490 0.6745 0.1882
v -0.059184 0.095711 -0.040761 0.7490 0.6745 0.1882
v -0.064232 0.098902 -0.047483 0.7490 0.6745 0.1882
v -0.059297 0.098957 -0.047336 0.7490 0.6745 0.1882
v -0.053987 0.098050 -0.049259 0.7490 0.6745 0.1882
v -0.049629 0.096845 -0.052568 0.7490 0.6745 0.1882
v -0.052151 0.094569 -0.043208 0.7490 0.6745 0.1882
v -0.046574 0.092419 -0.047859 0.7490 0.6745 0.1882
v -0.078605 0.087568 -0.059070 0.7490 0.6745 0.1882
v -0.075559 0.084752 -0.065858 0.7490 0.6745 0.1882
v -0.075565 0.093216 -0.060833 0.7490 0.6745 0.1882
v -0.073888 0.091110 -0.066066 0.7490 0.6745 0.1882
v -0.069634 0.088760 -0.069193 0.7490 0.6745 0.1882
v -0.064265 0.087071 -0.069500 0.7490 0.6745 0.1882
v -0.069669 0.082016 -0.069878 0.7490 0.6745 0.1882
v -0.064380 0.081278 -0.070496 0.7490 0.6745 0.1882
v -0.056930 0.081477 -0.069884 0.7490 0.6745 0.1882
v -0.051952 0.081935 -0.068076 0.7490 0.6745 0.1882
v -0.059394 0.088616 -0.070084 0.7490 0.6745 0.1882
v -0.055277 0.089537 -0.068890 0.7490 0.6745 0.1882
v -0.019672 0.151852 0.010603 0.7490 0.6745 0.1882
v -0.014483 0.149184 0.013493 0.7490 0.6745 0.1882
v -0.023639 0.152011 0.005586 0.7490 0.6745 0.1882
v -0.016959 0.154109 0.008590 0.7490 0.6745 0.1882
v -0.013109 0.156095 0.004355 0.7490 0.6745 0.1882
v -0.013004 0.152711 0.010888 0.7490 0.6745 0.1882
v -0.019699 0.154974 0.004697 0.7490 0.6745 0.1882
v -0.014205 0.156424 0.002192 0.7490 0.6745 0.1882
v -0.021085 0.155975 -0.000199 0.7490 0.6745 0.1882
v -0.025434 0.153406 -0.000469 0.7490 0.6745 0.1882
v -0.014732 0.156820 -0.000277 0.7490 0.6745 0.1882
v -0.020282 0.156666 -0.004259 0.7490 0.6745 0.1882
v -0.014494 0.157074 -0.002458 0.7490 0.6745 0.1882
v -0.024443 0.154538 -0.005686 0.7490 0.6745 0.1882
v -0.018262 0.158070 -0.009630 0.7490 0.6745 0.1882
v -0.013805 0.157779 -0.005188 0.7490 0.6745 0.1882
v -0.021592 0.156785 -0.012770 0.7490 0.6745 0.1882
v -0.014907 0.158891 -0.011975 0.7490 0.6745 0.1882
v -0.012141 0.157974 -0.006187 0.7490 0.6745 0.1882
v -0.016839 0.158159 -0.015276 0.7490 0.6745 0.1882
v -0.009586 0.159141 -0.012742 0.7490 0.6745 0.1882
v -0.009398 0.158000 -0.006375 0.7490 0.6745 0.1882
v -0.009805 0.158330 -0.017264 0.7490 0.6745 0.1882
v -0.004600 0.158475 -0.012437 0.7490 0.6745 0.1882
v -0.006937 0.157840 -0.005962 0.7490 0.6745 0.1882
v -0.003304 0.156346 -0.017343 0.7490 0.6745 0.1882
v 0.001414 0.157228 -0.008797 0.7490 0.6745 0.1882
v -0.004421 0.157433 -0.004897 0.7490 0.6745 0.1882
v 0.004294 0.154634 -0.011683 0.7490 0.6745 0.1882
v 0.002109 0.155232 -0.004818 0.7490 0.6745 0.1882
v 0.005206 0.152478 -0.006073 0.7490 0.6745 0.1882
v -0.003144 0.156462 -0.002948 0.7490 0.6745 0.1882
v 0.001400 0.154015 -0.000485 0.7490 0.6745 0.1882
v -0.003454 0.155804 -0.000456 0.7490 0.6745 0.1882
v 0.004491 0.150527 -0.001181 0.7490 0.6745 0.1882
v 0.001023 0.153495 0.003131 0.7490 0.6745 0.1882
v -0.003885 0.155487 0.001584 0.7490 0.6745 0.1882
v 0.004602 0.149879 0.003351 0.7490 0.6745 0.1882
v -0.000704 0.153189 0.006725 0.7490 0.6745 0.1882
v -0.004876 0.155410 0.003275 0.7490 0.6745 0.1882
v 0.001955 0.148892 0.007941 0.7490 0.6745 0.1882
v -0.004333 0.153132 0.008774 0.7490 0.6745 0.1882
v -0.006874 0.155577 0.004259 0.7490 0.6745 0.1882
v -0.001914 0.149493 0.011069 0.7490 0.6745 0.1882
v -0.008417 0.152218 0.010944 0.7490 0.6745 0.1882
v -0.008480 0.148393 0.013721 0.7490 0.6745 0.1882
v -0.008479 0.155588 0.005163 0.7490 0.6745 0.1882
v -0.010984 0.155833 0.005548 0.7490 0.6745 0.1882
v -0.010025 0.153809 -0.001967 0.7490 0.6745 0.1882
v -0.009938 0.141936 0.011782 0.7490 0.6745 0.1882
v -0.004003 0.140511 0.010460 0.7490 0.6745 0.1882
v -0.016086 0.141881 0.010660 0.7490 0.6745 0.1882
v -0.009456 0.146007 0.009281 0.2706 0.2235 0.1176
v -0.009519 0.150040 0.004356 0.7333 0.6628 0.1882
v -0.004908 0.145450 0.008389 0.7490 0.6745 0.1882
v -0.014020 0.146776 0.008311 0.2706 0.2235 0.1176
v -0.011705 0.150296 0.003526 0.7176 0.6471 0.1922
v -0.017960 0.148007 0.005816 0.7490 0.6745 0.1882
v -0.021162 0.143011 0.007332 0.7490 0.6745 0.1882
v -0.013618 0.150619 0.002112 0.7490 0.6745 0.1882
v -0.019614 0.148984 0.002567 0.7490 0.6745 0.1882
v -0.014779 0.150803 0.000380 0.7490 0.6745 0.1882
v -0.022930 0.146059 0.003620 0.7490 0.6745 0.1882
v -0.021411 0.150551 -0.002230 0.7490 0.6745 0.1882
v -0.015993 0.151590 -0.001943 0.7490 0.6745 0.1882
v -0.025022 0.147919 -0.002489 0.7490 0.6745 0.1882
v -0.021023 0.151726 -0.006140 0.7490 0.6745 0.1882
v -0.015496 0.152292 -0.003676 0.7490 0.6745 0.1882
v -0.024556 0.149241 -0.007684 0.7490 0.6745 0.1882
v -0.018245 0.153028 -0.010270 0.7490 0.6745 0.1882
v -0.013792 0.152914 -0.005582 0.6276 0.5647 0.1686
v -0.021493 0.150885 -0.014032 0.7490 0.6745 0.1882
v -0.014526 0.153379 -0.013409 0.7490 0.6745 0.1882
v -0.011821 0.153224 -0.006911 0.2706 0.2235 0.1176
v -0.016744 0.149275 -0.019028 0.7490 0.6745 0.1882
v -0.007683 0.152809 -0.014892 0.7490 0.6745 0.1882
v -0.009303 0.153069 -0.007918 0.6471 0.5804 0.1725
v -0.007345 0.148927 -0.019865 0.7490 0.6745 0.1882
v -0.004369 0.150638 -0.012937 0.7490 0.6745 0.1882
v -0.002694 0.147761 -0.016273 0.7490 0.6745 0.1882
v -0.007012 0.152070 -0.007604 0.2706 0.2235 0.1176
v -0.001915 0.149165 -0.009839 0.7490 0.6745 0.1882
v -0.005541 0.151371 -0.005681 0.2902 0.2510 0.1333
v 0.000232 0.146004 -0.012416 0.7490 0.6745 0.1882
v 0.000242 0.149188 -0.006479 0.7490 0.6745 0.1882
v -0.004491 0.151098 -0.003860 0.4078 0.3961 0.2118
v 0.003321 0.145535 -0.009075 0.7490 0.6745 0.1882
v 0.001347 0.148856 -0.002432 0.7490 0.6745 0.1882
v -0.004110 0.150950 -0.001872 0.4078 0.3961 0.2118
v 0.004477 0.144173 -0.003962 0.7490 0.6745 0.1882
v 0.000005 0.147922 0.001481 0.7490 0.6745 0.1882
v -0.004954 0.150816 0.000254 0.4078 0.3961 0.2118
v 0.003559 0.143623 0.000899 0.7490 0.6745 0.1882
v -0.001479 0.145836 0.005525 0.7490 0.6745 0.1882
v 0.000561 0.140105 0.006735 0.7490 0.6745 0.1882
v -0.005548 0.150505 0.001981 0.7255 0.6550 0.1922
v -0.007164 0.150225 0.003888 0.7490 0.6745 0.1882
v -0.010823 0.149987 -0.002217 0.7490 0.6745 0.1882
v -0.049932 0.098497 -0.053924 0.7490 0.6745 0.1882
v -0.047985 0.095265 -0.057901 0.7490 0.6745 0.1882
v -0.053328 0.099159 -0.049795 0.7490 0.6745 0.1882
v -0.052425 0.099239 -0.056145 0.7490 0.6745 0.1882
v -0.056845 0.099173 -0.058691 0.7490 0.6745 0.1882
v -0.050982 0.097284 -0.059357 0.7490 0.6745 0.1882
v -0.055255 0.100235 -0.053390 0.7490 0.6745 0.1882
v -0.058461 0.099486 -0.057451 0.7490 0.6745 0.1882
v -0.059144 0.100827 -0.051494 0.7490 0.6745 0.1882
v -0.058153 0.100037 -0.047428 0.7490 0.6745 0.1882
v -0.060431 0.099650 -0.056601 0.7490 0.6745 0.1882
v -0.062671 0.100647 -0.051397 0.7490 0.6745 0.1882
v -0.062271 0.099517 -0.056370 0.7490 0.6745 0.1882
v -0.062724 0.100009 -0.047333 0.7490 0.6745 0.1882
v -0.067589 0.100516 -0.052132 0.7490 0.6745 0.1882
v -0.064712 0.099542 -0.056481 0.7490 0.6745 0.1882
v -0.069314 0.100092 -0.048546 0.7490 0.6745 0.1882
v -0.070189 0.099910 -0.054418 0.7490 0.6745 0.1882
v -0.065831 0.099094 -0.057597 0.7490 0.6745 0.1882
v -0.072383 0.099496 -0.052015 0.7490 0.6745 0.1882
v -0.071747 0.098482 -0.058427 0.7490 0.6745 0.1882
v -0.066448 0.098302 -0.059683 0.7490 0.6745 0.1882
v -0.075194 0.097366 -0.057061 0.7490 0.6745 0.1882
v -0.072215 0.096563 -0.062182 0.7490 0.6745 0.1882
v -0.066499 0.097519 -0.061637 0.7490 0.6745 0.1882
v -0.075981 0.093934 -0.061573 0.7490 0.6745 0.1882
v -0.070067 0.094295 -0.067318 0.7490 0.6745 0.1882
v -0.065990 0.096605 -0.063714 0.7490 0.6745 0.1882
v -0.072390 0.091090 -0.068261 0.7490 0.6745 0.1882
v -0.066615 0.093014 -0.068228 0.7490 0.6745 0.1882
v -0.067633 0.089817 -0.069657 0.7490 0.6745 0.1882
v -0.064458 0.095713 -0.064885 0.7490 0.6745 0.1882
v -0.062787 0.092788 -0.068326 0.7490 0.6745 0.1882
v -0.062280 0.095588 -0.065028 0.7490 0.6745 0.1882
v -0.063217 0.089087 -0.069689 0.7490 0.6745 0.1882
v -0.059720 0.092925 -0.068698 0.7490 0.6745 0.1882
v -0.060509 0.095710 -0.065063 0.7490 0.6745 0.1882
v -0.059473 0.089094 -0.070607 0.7490 0.6745 0.1882
v -0.056484 0.093616 -0.068075 0.7412 0.6667 0.1882
v -0.058969 0.096139 -0.064648 0.7490 0.6745 0.1882
v -0.055155 0.089637 -0.069320 0.7490 0.6745 0.1882
v -0.054216 0.094863 -0.065704 0.7490 0.6745 0.1882
v -0.057873 0.096963 -0.063361 0.7490 0.6745 0.1882
v -0.052102 0.091598 -0.067165 0.7490 0.6745 0.1882
v -0.051616 0.095585 -0.062793 0.7490 0.6745 0.1882
v -0.048663 0.092947 -0.062395 0.7490 0.6745 0.1882
v -0.056879 0.097542 -0.062322 0.7490 0.6745 0.1882
v -0.056194 0.098501 -0.060530 0.7490 0.6745 0.1882
v -0.062021 0.095737 -0.059115 0.7490 0.6745 0.1882
v -0.048779 0.088082 -0.059223 0.7490 0.6745 0.1882
v -0.050573 0.085101 -0.063164 0.7490 0.6745 0.1882
v -0.048637 0.089674 -0.054209 0.4823 0.4550 0.2078
v -0.051625 0.090827 -0.060067 0.4275 0.4118 0.2118
v -0.056323 0.093405 -0.059949 0.4078 0.3961 0.2118
v -0.053003 0.088974 -0.063248 0.7490 0.6745 0.1882
v -0.051781 0.092625 -0.056518 0.4078 0.3961 0.2118
v -0.056670 0.094135 -0.058141 0.4078 0.3961 0.2118
v -0.053354 0.094421 -0.053232 0.7490 0.6745 0.1882
v -0.050670 0.091617 -0.049837 0.7490 0.6745 0.1882
v -0.057546 0.094768 -0.056432 0.4078 0.3961 0.2118
v -0.055869 0.095270 -0.051485 0.7412 0.6706 0.1882
v -0.058777 0.095037 -0.055200 0.4078 0.3961 0.2118
v -0.053923 0.094064 -0.048419 0.7490 0.6745 0.1882
v -0.059714 0.096434 -0.049436 0.7490 0.6745 0.1882
v -0.060586 0.095722 -0.053949 0.3255 0.2863 0.1373
v -0.058827 0.095384 -0.045927 0.7490 0.6745 0.1882
v -0.063141 0.096770 -0.049172 0.7490 0.6745 0.1882
v -0.062194 0.095919 -0.054129 0.4235 0.4078 0.2118
v -0.063327 0.095658 -0.045479 0.7490 0.6745 0.1882
v -0.067170 0.096491 -0.050741 0.7490 0.6745 0.1882
v -0.064128 0.095685 -0.055184 0.4078 0.3961 0.2118
v -0.069250 0.095297 -0.046866 0.7490 0.6745 0.1882
v -0.070383 0.095317 -0.053016 0.7490 0.6745 0.1882
v -0.065585 0.095201 -0.056494 0.4078 0.3961 0.2118
v -0.073766 0.092069 -0.049038 0.7490 0.6745 0.1882
v -0.072619 0.092723 -0.057838 0.7490 0.6745 0.1882
v -0.066789 0.094233 -0.058181 0.4550 0.4353 0.2078
v -0.075953 0.088991 -0.056035 0.7490 0.6745 0.1882
v -0.071201 0.090307 -0.060285 0.7490 0.6745 0.1882
v -0.073629 0.087174 -0.060127 0.7490 0.6745 0.1882
v -0.066736 0.092831 -0.059772 0.4078 0.3961 0.2118
v -0.068849 0.088822 -0.062494 0.5961 0.5490 0.2000
v -0.065307 0.092092 -0.061155 0.4078 0.3961 0.2118
v -0.070694 0.085422 -0.062795 0.7490 0.6745 0.1882
v -0.066515 0.088624 -0.064905 0.4157 0.4039 0.2118
v -0.063969 0.091795 -0.062298 0.4078 0.3961 0.2118
v -0.068440 0.084569 -0.065800 0.7490 0.6745 0.1882
v -0.063385 0.088535 -0.066564 0.7490 0.6745 0.1882
v -0.062407 0.091810 -0.062992 0.4078 0.3961 0.2118
v -0.064272 0.083787 -0.067474 0.7490 0.6745 0.1882
v -0.059841 0.088662 -0.066151 0.7490 0.6745 0.1882
v -0.060532 0.092204 -0.062773 0.4157 0.4000 0.2118
v -0.060107 0.084206 -0.067693 0.7490 0.6745 0.1882
v -0.055953 0.087944 -0.065368 0.7490 0.6745 0.1882
v -0.054259 0.083022 -0.065774 0.7490 0.6745 0.1882
v -0.058985 0.092340 -0.062615 0.4078 0.3961 0.2118
v -0.057129 0.092816 -0.061713 0.7490 0.6745 0.1882
v -0.061378 0.092947 -0.057485 0.7490 0.6745 0.1882
v 0.003726 0.095240 0.012603 0.2902 0.3216 0.2039
v 0.005532 0.095569 0.012524 0.4078 0.3961 0.2118
v 0.003417 0.094559 0.014146 0.2902 0.3216 0.2039
v 0.005575 0.093827 0.013413 0.4078 0.3961 0.2118
v 0.002751 0.088899 0.014583 0.2902 0.3216 0.2039
v 0.003682 0.088273 0.014139 0.2902 0.3216 0.2039
v 0.003316 0.086874 0.015389 0.3059 0.3294 0.2039
v 0.003652 0.086950 0.015260 0.2902 0.3216 0.2039
v 0.004671 0.095174 0.012571 0.3804 0.3765 0.2078
v 0.004087 0.093936 0.013113 0.2902 0.3216 0.2039
v 0.003463 0.088286 0.014233 0.2902 0.3216 0.2039
v 0.003436 0.086781 0.015407 0.3333 0.3451 0.2078
v 0.003106 0.087591 0.014690 0.2902 0.3216 0.2039
v 0.003653 0.087626 0.014544 0.2902 0.3216 0.2039
v 0.003291 0.087495 0.014684 0.2902 0.3216 0.2039
v 0.003076 0.092187 0.014513 0.2902 0.3216 0.2039
v 0.005063 0.091535 0.014050 0.2902 0.3216 0.2039
v 0.004000 0.091601 0.014295 0.2902 0.3216 0.2039
v 0.004858 0.089614 0.013542 0.2902 0.3216 0.2039
v 0.003866 0.089677 0.013861 0.2902 0.3216 0.2039
v 0.003049 0.090276 0.014145 0.2902 0.3216 0.2039
v 0.005018 0.095405 0.012584 0.4078 0.3961 0.2118
v 0.005900 0.095630 0.011166 0.4078 0.3961 0.2118
v 0.006532 0.094746 0.013907 0.4078 0.3961 0.2118
v 0.006836 0.093967 0.011755 0.4078 0.3961 0.2118
v 0.006423 0.090787 0.014207 0.4078 0.3961 0.2118
v 0.006528 0.089943 0.012912 0.4078 0.3961 0.2118
v 0.007803 0.088246 0.014145 0.4078 0.3961 0.2118
v 0.007857 0.088331 0.013683 0.4078 0.3961 0.2118
v 0.005487 0.095279 0.011890 0.4078 0.3961 0.2118
v 0.005877 0.094096 0.012804 0.4078 0.3961 0.2118
v 0.006499 0.089970 0.013216 0.4078 0.3961 0.2118
v 0.007902 0.088127 0.014024 0.4078 0.3961 0.2118
v 0.006841 0.089115 0.013926 0.4078 0.3961 0.2118
v 0.007008 0.089145 0.013218 0.4078 0.3961 0.2118
v 0.006953 0.088990 0.013718 0.4078 0.3961 0.2118
v 0.006859 0.092347 0.014427 0.4078 0.3961 0.2118
v 0.007374 0.091714 0.012640 0.4078 0.3961 0.2118
v 0.007112 0.091793 0.013603 0.4078 0.3961 0.2118
v 0.007125 0.094783 0.012803 0.4078 0.3961 0.2118
v 0.006242 0.095847 0.010369 0.2902 0.3216 0.2039
v 0.005352 0.095529 0.011946 0.4078 0.3961 0.2118
v 0.007700 0.094005 0.010610 0.2902 0.3216 0.2039
v 0.007894 0.089439 0.011770 0.4078 0.3961 0.2118
v 0.008119 0.088671 0.010712 0.3686 0.3686 0.2118
v 0.009699 0.086557 0.011612 0.4078 0.3961 0.2118
v 0.009770 0.086635 0.011239 0.4078 0.3961 0.2118
v 0.005836 0.095458 0.011133 0.4078 0.3961 0.2118
v 0.006889 0.094087 0.011435 0.3686 0.3686 0.2078
v 0.008080 0.088652 0.010994 0.4078 0.3961 0.2118
v 0.009788 0.086494 0.011476 0.4078 0.3961 0.2118
v 0.008594 0.087416 0.011782 0.4078 0.3961 0.2118
v 0.008839 0.087492 0.011053 0.4078 0.3961 0.2118
v 0.008807 0.087315 0.011403 0.4078 0.3961 0.2118
v 0.007489 0.092509 0.012838 0.4078 0.3961 0.2118
v 0.008223 0.091841 0.010826 0.2902 0.3216 0.2039
v 0.007883 0.091940 0.011744 0.4078 0.3961 0.2118
v 0.007977 0.090010 0.009971 0.2902 0.3216 0.2039
v 0.007762 0.090122 0.010771 0.2902 0.3216 0.2039
v 0.007473 0.090705 0.011838 0.4078 0.3961 0.2118
v 0.006049 0.095404 0.010853 0.4000 0.3921 0.2118
v 0.004980 0.095622 0.009158 0.2902 0.3216 0.2039
v 0.008617 0.094951 0.010026 0.3216 0.3412 0.2039
v 0.006854 0.094070 0.008291 0.2902 0.3216 0.2039
v 0.008582 0.091343 0.010176 0.2902 0.3216 0.2039
v 0.007242 0.090498 0.008568 0.3294 0.3451 0.2078
v 0.009206 0.088956 0.008944 0.2902 0.3216 0.2039
v 0.008725 0.089013 0.008451 0.2902 0.3216 0.2039
v 0.005567 0.095285 0.010043 0.2902 0.3216 0.2039
v 0.007432 0.094231 0.009937 0.2902 0.3216 0.2039
v 0.007625 0.090549 0.009087 0.2902 0.3216 0.2039
v 0.009163 0.088830 0.008799 0.2902 0.3216 0.2039
v 0.008490 0.089780 0.009576 0.2902 0.3216 0.2039
v 0.007726 0.089775 0.008309 0.2902 0.3216 0.2039
v 0.008312 0.089660 0.009152 0.2902 0.3216 0.2039
v 0.009095 0.092766 0.009982 0.2902 0.3216 0.2039
v 0.007712 0.092093 0.008362 0.2902 0.3216 0.2039
v 0.008495 0.092227 0.009301 0.2902 0.3216 0.2039
v 0.005525 0.095417 0.009139 0.2902 0.3216 0.2039
v 0.003738 0.095568 0.008737 0.2902 0.3216 0.2039
v 0.006625 0.094892 0.007226 0.2902 0.3216 0.2039
v 0.004442 0.093915 0.007323 0.2902 0.3216 0.2039
v 0.007988 0.089358 0.006797 0.2941 0.3216 0.2039
v 0.007046 0.088620 0.006952 0.2902 0.3216 0.2039
v 0.007880 0.087342 0.005801 0.2902 0.3216 0.2039
v 0.007515 0.087377 0.005837 0.2902 0.3216 0.2039
v 0.004618 0.095260 0.008911 0.2902 0.3216 0.2039
v 0.005775 0.094146 0.008018 0.2902 0.3216 0.2039
v 0.007280 0.088660 0.006921 0.2902 0.3216 0.2039
v 0.007779 0.087239 0.005748 0.2902 0.3216 0.2039
v 0.007817 0.088031 0.006555 0.2902 0.3216 0.2039
v 0.007251 0.088005 0.006548 0.2902 0.3216 0.2039
v 0.007649 0.087918 0.006507 0.2902 0.3216 0.2039
v 0.007304 0.092590 0.006886 0.2980 0.3255 0.2039
v 0.005348 0.091725 0.006772 0.2902 0.3216 0.2039
v 0.006425 0.091907 0.006826 0.2902 0.3216 0.2039
v 0.005616 0.089805 0.007252 0.2902 0.3216 0.2039
v 0.006644 0.089981 0.007216 0.2902 0.3216 0.2039
v 0.007438 0.090671 0.007184 0.2902 0.3216 0.2039
v 0.004265 0.095457 0.008812 0.2902 0.3216 0.2039
v 0.003018 0.095510 0.009945 0.2902 0.3216 0.2039
v 0.003556 0.094768 0.006620 0.2902 0.3216 0.2039
v 0.002778 0.093834 0.008582 0.2902 0.3216 0.2039
v 0.004168 0.090863 0.006229 0.2902 0.3216 0.2039
v 0.003813 0.089935 0.007418 0.2902 0.3216 0.2039
v 0.003103 0.088204 0.005830 0.2902 0.3216 0.2039
v 0.002919 0.088254 0.006263 0.2902 0.3216 0.2039
v 0.003644 0.095245 0.009349 0.2902 0.3216 0.2039
v 0.003962 0.094116 0.007837 0.2902 0.3216 0.2039
v 0.003919 0.089983 0.007134 0.2902 0.3216 0.2039
v 0.002988 0.088069 0.005916 0.2902 0.3216 0.2039
v 0.003872 0.089144 0.006330 0.2902 0.3216 0.2039
v 0.003521 0.089115 0.006967 0.2902 0.3216 0.2039
v 0.003723 0.088997 0.006496 0.2902 0.3216 0.2039
v 0.003640 0.092385 0.005951 0.2902 0.3216 0.2039
v 0.002740 0.091598 0.007510 0.2902 0.3216 0.2039
v 0.003238 0.091760 0.006657 0.2902 0.3216 0.2039
v 0.002691 0.094681 0.007523 0.2902 0.3216 0.2039
v 0.002456 0.095645 0.010627 0.3765 0.3725 0.2078
v 0.003761 0.095510 0.009340 0.2902 0.3216 0.2039
v 0.001642 0.093720 0.009450 0.4078 0.3961 0.2118
v 0.002335 0.089452 0.007070 0.2902 0.3216 0.2039
v 0.001921 0.088603 0.008001 0.2902 0.3216 0.2039
v 0.000828 0.086281 0.007258 0.3647 0.3686 0.2078
v 0.000655 0.086335 0.007569 0.4000 0.3921 0.2118
v 0.003089 0.095344 0.009988 0.3019 0.3294 0.2078
v 0.002629 0.093929 0.008880 0.2902 0.3216 0.2039
v 0.002035 0.088605 0.007740 0.2902 0.3216 0.2039
v 0.000712 0.086198 0.007379 0.4039 0.3921 0.2118
v 0.001868 0.087326 0.007048 0.2902 0.3216 0.2039
v 0.001434 0.087343 0.007641 0.2902 0.3216 0.2039
v 0.001573 0.087181 0.007358 0.2902 0.3216 0.2039
v 0.002615 0.092441 0.007065 0.2902 0.3216 0.2039
v 0.001465 0.091625 0.008581 0.4078 0.3961 0.2118
v 0.002027 0.091819 0.007755 0.3019 0.3294 0.2039
v 0.001698 0.089852 0.009039 0.2902 0.3216 0.2039
v 0.002111 0.090050 0.008250 0.2902 0.3216 0.2039
v 0.002606 0.090715 0.007350 0.2902 0.3216 0.2039
v 0.002746 0.095219 0.009882 0.2902 0.3216 0.2039
v 0.003292 0.095437 0.011729 0.4078 0.3961 0.2118
v 0.000442 0.094479 0.009720 0.4078 0.3961 0.2118
v 0.001766 0.093663 0.011856 0.2902 0.3216 0.2039
v 0.000921 0.090896 0.009686 0.2902 0.3216 0.2039
v 0.001862 0.090089 0.011479 0.2902 0.3216 0.2039
v 0.000211 0.088416 0.010058 0.4078 0.3961 0.2118
v 0.000536 0.088487 0.010695 0.3333 0.3451 0.2078
v 0.003008 0.095096 0.010805 0.4078 0.3961 0.2118
v 0.001632 0.093870 0.010107 0.4078 0.3961 0.2118
v 0.001626 0.090135 0.010871 0.2902 0.3216 0.2039
v 0.000225 0.088287 0.010184 0.4078 0.3961 0.2118
v 0.000996 0.089329 0.009955 0.2902 0.3216 0.2039
v 0.001390 0.089319 0.011355 0.2902 0.3216 0.2039
v 0.001065 0.089201 0.010374 0.2902 0.3216 0.2039
v 0.000234 0.092244 0.009911 0.3019 0.3255 0.2039
v 0.001201 0.091607 0.011821 0.2902 0.3216 0.2039
v 0.000686 0.091723 0.010711 0.2902 0.3216 0.2039
v 0.002752 0.094968 0.011253 0.4078 0.3961 0.2118
v 0.004192 0.095246 0.012521 0.2980 0.3255 0.2039
v 0.000948 0.094162 0.012484 0.4078 0.3961 0.2118
v 0.003226 0.093402 0.013604 0.2902 0.3216 0.2039
v 0.001632 0.089315 0.012157 0.2902 0.3216 0.2039
v 0.003444 0.088312 0.013166 0.2902 0.3216 0.2039
v 0.001351 0.086439 0.012868 0.4078 0.3961 0.2118
v 0.001965 0.086532 0.013232 0.4078 0.3961 0.2118
v 0.003467 0.094875 0.011898 0.3412 0.3529 0.2078
v 0.002174 0.093569 0.012192 0.2902 0.3216 0.2039
v 0.002916 0.088359 0.012778 0.2902 0.3216 0.2039
v 0.001433 0.086314 0.012969 0.4078 0.3961 0.2118
v 0.001943 0.087352 0.012340 0.2902 0.3216 0.2039
v 0.003021 0.087388 0.013316 0.2902 0.3216 0.2039
v 0.002227 0.087238 0.012662 0.2902 0.3216 0.2039
v 0.001017 0.091383 0.012754 0.2902 0.3216 0.2039
v 0.002907 0.090573 0.013846 0.2902 0.3216 0.2039
v 0.001888 0.090596 0.013173 0.2902 0.3216 0.2039
v -0.012890 0.143209 -0.004536 0.2706 0.2235 0.1176
v -0.012556 0.143712 -0.006602 0.4039 0.3961 0.2118
v -0.010445 0.143560 -0.006990 0.4078 0.3961 0.2118
v -0.009474 0.142963 -0.005165 0.4078 0.3961 0.2118
v -0.010986 0.142746 -0.003648 0.4078 0.3961 0.2118
v 0.003692 0.092723 0.011558 0.3098 0.3333 0.2078
v 0.003158 0.092732 0.010061 0.3098 0.3333 0.2039
v 0.005278 0.092806 0.011514 0.4078 0.3961 0.2118
v 0.004414 0.092820 0.009092 0.2902 0.3216 0.2039
v 0.005725 0.092866 0.009990 0.2902 0.3216 0.2039
vn 0.3068 -0.0161 0.9516
vn -0.2523 0.4999 0.8285
vn 0.2770 0.1870 0.9425
vn -0.2584 0.6537 0.7113
vn 0.3150 0.1520 0.9368
vn -0.2384 0.5199 0.8203
vn 0.3487 0.4722 0.8096
vn -0.0010 0.5991 0.8007
vn -0.2027 0.5995 0.7743
vn -0.2592 0.7201 0.6437
vn -0.5175 0.6563 0.5490
vn -0.5558 0.7007 0.4473
vn -0.5844 0.7282 0.3580
vn -0.4141 0.8854 0.2114
vn -0.3582 0.9114 0.2027
vn -0.0839 0.8338 0.5457
vn 0.0558 0.9492 0.3098
vn 0.0877 0.5714 0.8159
vn 0.4145 0.7023 0.5787
vn 0.5723 0.8019 0.1717
vn 0.2361 0.9630 -0.1296
vn 0.6176 0.7829 0.0746
vn 0.5334 0.7567 0.3781
vn 0.1991 0.9800 -0.0022
vn -0.0201 0.9900 0.1393
vn -0.1738 0.9438 -0.2813
vn -0.2634 0.9622 -0.0687
vn -0.4060 0.9124 -0.0511
vn -0.5969 0.7763 0.2027
vn -0.6714 0.7190 -0.1799
vn -0.6410 0.7362 -0.2170
vn 0.5083 0.6842 -0.5229
vn -0.7424 0.6675 0.0573
vn 0.1534 0.5693 -0.8077
vn -0.4874 0.8501 -0.1995
vn -0.2337 0.6762 -0.6986
vn -0.4147 0.8897 -0.1909
vn -0.0462 0.6245 -0.7797
vn 0.0054 0.7324 0.6809
vn 0.1847 0.9826 -0.0210
vn -0.1687 0.8891 -0.4255
vn -0.3904 0.7760 -0.4954
vn -0.3630 0.8196 -0.4432
vn -0.2776 0.7918 -0.5441
vn 0.2340 0.9195 0.3158
vn 0.5629 0.8094 -0.1671
vn 0.4627 0.8599 -0.2157
vn 0.1775 0.8547 0.4878
vn -0.3410 0.9062 0.2501
vn -0.0538 0.9969 -0.0566
vn 0.4090 0.8646 0.2917
vn -0.4018 0.9156 -0.0178
vn 0.3038 0.8581 -0.4139
vn 0.0153 0.9307 -0.3655
vn 0.2802 0.9392 -0.1985
vn 0.0550 0.9299 0.3638
vn 0.0521 0.9762 0.2106
vn 0.4767 0.8583 0.1901
vn 0.2236 0.8603 0.4581
vn 0.0094 0.7958 0.6056
vn 0.2157 0.8246 0.5230
vn 0.7706 0.6094 0.1868
vn 0.4051 0.8099 0.4242
vn -0.1845 0.7001 -0.6898
vn -0.6617 0.7475 -0.0577
vn -0.4238 0.7786 -0.4628
vn 0.4614 0.6194 -0.6352
vn -0.6834 0.7192 -0.1250
vn -0.1067 0.8508 -0.5145
vn -0.1723 0.9677 -0.1841
vn 0.2548 0.8226 -0.5083
vn -0.3511 0.9021 -0.2510
vn 0.1719 0.8319 -0.5277
vn -0.3284 0.8724 -0.3620
vn 0.2647 0.7978 -0.5417
vn -0.3183 0.9401 -0.1216
vn 0.6112 0.6699 -0.4215
vn -0.0747 0.9950 0.0663
vn 0.6497 0.6943 -0.3094
vn 0.4939 0.8672 0.0638
vn 0.8030 0.5861 -0.1076
vn 0.4483 0.8800 0.1569
vn 0.7079 0.7020 0.0778
vn 0.5074 0.8455 -0.1665
vn 0.4555 0.8160 -0.3560
vn 0.7254 0.6704 -0.1562
vn 0.6360 0.6467 -0.4210
vn 0.8746 0.4325 -0.2193
vn 0.8686 0.4902 0.0720
vn 0.7914 0.3940 -0.4674
vn 0.7293 0.4298 -0.5323
vn 0.6904 0.5046 -0.5184
vn 0.5708 0.6650 -0.4816
vn 0.6036 0.6970 -0.3872
vn 0.5002 0.7632 -0.4090
vn 0.4171 0.8141 -0.4041
vn 0.3558 0.9202 -0.1634
vn 0.7285 0.6697 -0.1445
vn 0.7341 0.3721 -0.5680
vn 0.9709 0.1659 -0.1726
vn 0.8860 -0.3066 -0.3478
vn 0.9313 -0.1278 -0.3412
vn 0.8637 0.2719 -0.4243
vn 0.6895 0.3088 -0.6551
vn 0.5192 0.5370 -0.6649
vn 0.5284 0.8482 -0.0376
vn 0.1314 0.9787 0.1580
vn 0.3767 0.8939 -0.2429
vn 0.4435 0.8947 -0.0533
vn -0.0203 0.9998 -0.0093
vn 0.1042 0.9795 0.1724
vn -0.3720 0.9043 0.2096
vn -0.3599 0.8735 0.3277
vn -0.2383 0.8954 0.3761
vn -0.1106 0.9334 0.3414
vn 0.1743 0.9614 0.2127
vn -0.1027 0.9378 0.3318
vn -0.1995 0.9174 0.3444
vn 0.2301 0.9610 0.1533
vn 0.2547 0.9589 0.1250
vn 0.5512 0.8332 -0.0449
vn 0.5729 0.8147 -0.0904
vn 0.4619 0.8861 0.0392
vn 0.4306 0.8968 -0.1013
vn 0.0835 0.9965 0.0091
vn 0.4837 0.7898 -0.3771
vn 0.3440 0.7856 -0.5143
vn 0.0153 0.9712 -0.2379
vn -0.0706 0.9538 -0.2920
vn -0.4227 0.9060 -0.0216
vn -0.3049 0.9248 0.2274
vn -0.3868 0.9052 -0.1762
vn -0.3829 0.8871 -0.2578
vn -0.3225 0.9117 -0.2543
vn -0.1072 0.9479 -0.2999
vn -0.0720 0.9523 -0.2965
vn 0.1361 0.9055 -0.4020
vn 0.1530 0.9209 -0.3586
vn 0.2598 0.9596 -0.1082
vn -0.0148 0.9995 0.0294
vn 0.3298 0.8943 0.3023
vn 0.4978 0.8555 0.1428
vn 0.1735 0.9364 0.3051
vn 0.1392 0.9785 0.1524
vn -0.1466 0.9339 0.3261
vn -0.3132 0.9489 0.0385
vn -0.1405 0.9633 0.2287
vn 0.4538 0.8766 -0.1601
vn 0.0069 0.9996 0.0292
vn -0.4176 0.8895 0.1852
vn -0.0106 0.6724 0.7401
vn -0.3579 0.8014 0.4792
vn 0.3473 0.8971 0.2730
vn 0.1919 0.8909 0.4117
vn 0.0070 0.9999 -0.0116
vn -0.1272 0.9790 0.1596
vn -0.3216 0.9063 -0.2741
vn -0.6532 0.7544 0.0648
vn -0.4221 0.9009 -0.1011
vn -0.3280 0.9447 -0.0033
vn -0.1477 0.9626 0.2270
vn -0.2213 0.9717 -0.0825
vn -0.2414 0.9445 -0.2228
vn 0.0213 0.9785 0.2054
vn 0.1512 0.9843 0.0913
vn 0.3114 0.8318 0.4595
vn 0.5142 0.7773 0.3624
vn 0.1010 0.8826 0.4592
vn 0.5030 0.8621 0.0616
vn 0.1290 0.9799 -0.1519
vn 0.5097 0.8588 -0.0516
vn 0.3557 0.9337 0.0402
vn 0.1576 0.9730 -0.1688
vn 0.0376 0.9985 0.0404
vn -0.0966 0.9043 -0.4158
vn -0.1562 0.9034 -0.3993
vn -0.2060 0.9688 -0.1381
vn -0.1968 0.9757 -0.0958
vn -0.1218 0.9688 -0.2157
vn 0.0595 0.9966 -0.0566
vn 0.0929 0.9850 -0.1456
vn 0.2772 0.9607 0.0171
vn 0.3585 0.9333 -0.0196
vn 0.2496 0.9631 0.1003
vn -0.0631 0.9976 0.0286
vn -0.0476 0.9048 0.4231
vn 0.0541 0.9510 0.3044
vn -0.1290 0.9299 0.3443
vn -0.0534 0.9799 0.1924
vn -0.3418 0.9218 0.1826
vn -0.3000 0.9479 -0.1067
vn -0.2186 0.9697 0.1093
vn 0.1976 0.8348 0.5139
vn -0.1578 0.9706 0.1819
vn -0.4184 0.8832 -0.2119
vn 0.2135 0.8735 -0.4376
vn 0.2572 0.9661 0.0212
vn -0.0640 0.8968 -0.4378
vn 0.0700 0.8979 -0.4345
vn 0.0046 0.9999 0.0166
vn 0.1679 0.9851 -0.0365
vn 0.0790 0.9046 0.4188
vn 0.2196 0.8102 0.5434
vn 0.2392 0.8986 0.3678
vn 0.1955 0.9326 0.3034
vn 0.1971 0.9799 -0.0300
vn 0.0598 0.9086 0.4133
vn 0.1322 0.7943 0.5930
vn 0.0145 0.9998 -0.0153
vn -0.0814 0.9931 0.0842
vn -0.0445 0.9227 -0.3830
vn -0.1890 0.9422 -0.2765
vn 0.1610 0.9171 -0.3647
vn 0.0085 0.9987 0.0504
vn 0.0867 0.9361 0.3409
vn 0.1867 0.9818 -0.0353
vn 0.1342 0.9701 0.2024
vn 0.3528 0.8404 0.4114
vn 0.2840 0.6869 0.6690
vn 0.4588 0.4341 0.7753
vn 0.3621 0.5998 0.7135
vn 0.3855 0.4802 0.7879
vn 0.2192 0.4007 0.8896
vn 0.2237 0.3182 0.9212
vn 0.0849 0.5509 0.8303
vn 0.0948 0.4577 0.8840
vn -0.0394 0.7888 0.6134
vn -0.0575 0.6975 0.7143
vn 0.3048 0.6121 0.7297
vn 0.4447 0.2158 0.8693
vn 0.7065 0.4087 0.5778
vn 0.5622 0.5755 0.5939
vn 0.7123 0.2391 0.6599
vn 0.5651 0.2677 0.7804
vn 0.6726 -0.0331 0.7393
vn 0.4466 -0.0290 0.8943
vn 0.5804 -0.0234 0.8140
vn 0.0696 0.8979 -0.4347
vn 0.0939 0.9937 0.0609
vn 0.0624 0.8611 0.5045
vn 0.1729 0.9649 0.1977
vn 0.4960 0.8481 -0.1863
vn 0.1967 0.9412 0.2748
vn 0.2027 0.9084 0.3657
vn 0.4605 0.8859 -0.0564
vn 0.5201 0.8460 -0.1175
vn 0.6604 0.6701 -0.3390
vn 0.6844 0.5379 -0.4923
vn 0.6263 0.6859 -0.3705
vn 0.6837 0.5082 -0.5238
vn 0.4693 0.8781 0.0929
vn 0.6385 0.2079 -0.7410
vn 0.5395 0.8416 -0.0240
vn 0.3821 0.5548 -0.7390
vn 0.2217 0.9521 -0.2108
vn 0.2400 0.6566 -0.7151
vn 0.2575 0.9594 -0.1155
vn 0.0447 0.8442 -0.5342
vn 0.0272 0.9864 -0.1619
vn 0.2138 0.9769 0.0007
vn -0.0723 0.9887 0.1310
vn 0.2154 0.8698 0.4440
vn 0.0946 0.9215 0.3767
vn 0.0151 0.7400 0.6725
vn -0.3545 0.6918 0.6291
vn -0.2462 0.7427 0.6227
vn -0.2936 0.9477 0.1254
vn -0.1761 0.9667 0.1857
vn -0.0593 0.9729 -0.2233
vn -0.0333 0.9483 -0.3156
vn -0.0595 0.9140 -0.4013
vn -0.3632 0.9308 0.0406
vn -0.2109 0.8308 -0.5151
vn -0.0381 0.8295 -0.5572
vn -0.2672 0.9553 -0.1262
vn -0.0894 0.9943 -0.0579
vn -0.4935 0.7526 0.4359
vn -0.1794 0.7324 0.6568
vn -0.2216 0.9126 0.3437
vn -0.0599 0.9258 0.3733
vn -0.1495 0.7378 0.6583
vn 0.0086 0.7471 0.6647
vn -0.9226 0.2413 -0.3009
vn -0.4173 0.6787 -0.6044
vn -0.4661 -0.3471 -0.8138
vn -0.1346 0.3412 -0.9303
vn -0.6109 0.0878 -0.7868
vn -0.2862 0.5499 -0.7847
vn -0.2287 0.5954 -0.7702
vn -0.0931 0.8846 -0.4569
vn 0.2426 0.8579 -0.4529
vn 0.1694 0.7742 -0.6098
vn 0.2904 0.9561 0.0381
vn -0.1024 0.9536 0.2830
vn -0.1336 0.9753 -0.1756
vn -0.4606 0.8047 -0.3745
vn -0.5094 0.5197 -0.6859
vn -0.3812 0.3110 -0.8706
vn -0.6920 -0.0165 -0.7217
vn -0.7624 -0.1140 -0.6370
vn -0.6588 0.4378 -0.6118
vn -0.8222 -0.1499 -0.5491
vn -0.6200 -0.2905 -0.7288
vn -0.6146 0.1994 -0.7632
vn -0.3940 0.1209 -0.9111
vn -0.3959 0.7779 -0.4880
vn -0.2003 0.9094 -0.3644
vn -0.2259 0.4890 -0.8425
vn 0.1181 0.7601 -0.6390
vn -0.5900 -0.0808 -0.8033
vn 0.1668 0.8226 -0.5436
vn -0.2753 0.4918 -0.8260
vn -0.1990 0.9425 -0.2685
vn 0.3944 0.9100 -0.1274
vn -0.0271 0.8297 -0.5575
vn 0.4833 0.8276 -0.2855
vn 0.1231 0.9398 -0.3187
vn 0.5947 0.7835 0.1803
vn -0.0943 0.9256 -0.3666
vn 0.5877 0.7609 0.2750
vn -0.0000 0.9660 -0.2584
vn 0.6374 0.7310 0.2436
vn 0.3484 0.8673 0.3554
vn 0.5440 0.6030 0.5835
vn 0.2308 0.8696 0.4364
vn 0.3379 0.7430 0.5778
vn 0.3479 0.7722 0.5317
vn 0.1377 0.8468 0.5138
vn 0.3339 0.6896 0.6426
vn 0.1197 0.6477 0.7524
vn 0.3533 0.4314 0.8301
vn 0.4594 0.5119 0.7259
vn 0.1811 0.3959 0.9002
vn 0.0837 0.4232 0.9022
vn 0.1011 0.5231 0.8463
vn 0.1011 0.6524 0.7511
vn -0.0435 0.6743 0.7372
vn 0.0628 0.7936 0.6052
vn 0.0309 0.8125 0.5822
vn -0.2564 0.8541 0.4524
vn -0.3629 0.5464 0.7548
vn 0.1473 0.3835 0.9117
vn 0.5441 0.2768 0.7921
vn 0.7711 -0.1507 0.6186
vn 0.7498 -0.0709 0.6579
vn 0.7558 0.2346 0.6114
vn 0.8919 0.3393 0.2988
vn 0.7977 0.6030 -0.0095
vn -0.1514 0.9019 -0.4045
vn 0.8881 0.4561 0.0563
vn 0.4357 0.8820 -0.1794
vn -0.2433 0.9293 0.2780
vn -0.3161 0.8965 0.3104
vn 0.2909 0.8820 0.3708
vn 0.2683 0.9026 0.3366
vn 0.5408 0.7317 0.4148
vn 0.7057 0.6415 0.3008
vn 0.7202 0.6270 0.2968
vn 0.0334 0.9139 0.4045
vn 0.9388 0.3142 0.1409
vn 0.2005 0.8935 0.4019
vn 0.7583 0.6433 -0.1050
vn 0.1840 0.9829 -0.0069
vn 0.6797 0.7061 -0.1983
vn 0.1335 0.9836 0.1213
vn 0.3897 0.8762 -0.2835
vn 0.0147 0.9954 -0.0949
vn 0.0049 0.9870 0.1606
vn -0.2693 0.9619 -0.0477
vn -0.3496 0.8495 0.3952
vn -0.3686 0.8971 0.2435
vn -0.6549 0.6803 0.3290
vn -0.8046 0.5932 -0.0258
vn -0.7474 0.6612 0.0653
vn -0.3712 0.8935 -0.2525
vn -0.3601 0.9267 -0.1076
vn 0.0349 0.9754 -0.2178
vn 0.1432 0.9601 -0.2400
vn 0.2177 0.9298 -0.2969
vn -0.2876 0.9249 -0.2487
vn 0.2652 0.9029 -0.3384
vn 0.4152 0.9088 -0.0415
vn -0.0247 0.9976 -0.0640
vn 0.0104 0.9890 0.1477
vn -0.6405 0.7603 -0.1078
vn -0.7368 0.6584 0.1536
vn -0.3324 0.9213 0.2020
vn -0.4490 0.8912 0.0643
vn -0.7283 0.6680 0.1531
vn -0.6711 0.6747 0.3072
vn 0.1768 0.9392 0.2944
vn -0.2797 0.9451 0.1690
vn 0.1262 0.9524 0.2777
vn -0.0326 0.8387 0.5437
vn -0.3185 0.9265 0.2002
vn -0.4068 0.7819 0.4725
vn -0.7020 0.6995 0.1336
vn -0.7012 0.7127 -0.0188
vn -0.7593 0.5584 0.3343
vn -0.7148 0.6793 0.1659
vn -0.4499 0.8216 0.3501
vn -0.7054 0.6978 -0.1244
vn -0.8272 0.5603 -0.0426
vn -0.3322 0.9431 -0.0120
vn -0.4166 0.8962 -0.1524
vn 0.0414 0.9938 0.1030
vn 0.0465 0.9912 -0.1240
vn -0.1216 0.8828 0.4538
vn -0.1331 0.9579 0.2543
vn -0.6939 0.7200 -0.0083
vn 0.1065 0.8818 0.4594
vn 0.1187 0.9869 -0.1095
vn -0.5728 0.7578 0.3124
vn -0.4566 0.8532 -0.2523
vn -0.9282 0.3718 0.0173
vn -0.9291 0.3684 0.0315
vn -0.6532 0.6903 -0.3113
vn -0.6843 0.6348 -0.3588
vn -0.7394 0.5675 -0.3623
vn -0.4839 0.7289 -0.4843
vn -0.5823 0.6979 -0.4168
vn -0.1640 0.8411 -0.5154
vn -0.3025 0.8188 -0.4879
vn -0.5473 0.8214 -0.1604
vn -0.8348 0.5482 -0.0518
vn -0.6644 0.6268 0.4070
vn -0.5730 0.7606 0.3053
vn -0.7807 0.4972 0.3786
vn -0.8104 0.5471 0.2096
vn -0.9199 0.2631 0.2906
vn -0.9612 0.2730 -0.0393
vn -0.9340 0.3064 0.1836
vn 0.1872 0.9625 0.1965
vn -0.2950 0.9532 0.0660
vn -0.6776 0.7308 -0.0827
vn -0.9456 0.3137 -0.0867
vn -0.4685 0.8420 -0.2676
vn -0.9271 0.2987 -0.2265
vn -0.4106 0.8139 -0.4109
vn -0.8785 0.1723 -0.4457
vn -0.4145 0.6018 -0.6827
vn -0.9135 -0.1048 -0.3931
vn -0.2741 0.2580 -0.9265
vn -0.8485 -0.0151 -0.5290
vn -0.1890 0.0730 -0.9793
vn -0.3522 0.4626 -0.8136
vn 0.0002 0.5570 -0.8305
vn -0.4420 0.6341 -0.6345
vn -0.2444 0.7168 -0.6530
vn -0.3409 0.6750 -0.6543
vn -0.5049 0.7392 -0.4457
vn -0.2413 0.8057 -0.5409
vn -0.2836 0.9369 -0.2045
vn 0.0431 0.9117 -0.4086
vn 0.0359 0.7865 -0.6166
vn 0.0053 0.9871 -0.1600
vn -0.0742 0.9972 0.0023
vn -0.1419 0.9827 -0.1187
vn -0.2826 0.9509 -0.1259
vn -0.2953 0.9523 -0.0769
vn -0.4590 0.8744 -0.1575
vn -0.4429 0.8795 -0.1742
vn -0.6133 0.7885 -0.0468
vn -0.3000 0.9227 0.2421
vn 0.1191 0.9682 -0.2199
vn 0.3128 0.6802 -0.6630
vn 0.7110 0.2624 -0.6524
vn 0.6030 0.2990 -0.7396
vn 0.2562 0.6466 -0.7185
vn 0.3255 0.8279 -0.4568
vn 0.3529 0.8865 -0.2992
vn -0.4539 0.4661 -0.7594
vn -0.8498 0.2082 -0.4842
vn -0.4575 0.3091 -0.8338
vn -0.4883 0.1857 -0.8527
vn -0.7884 0.1382 -0.5994
vn -0.8589 0.0050 -0.5120
vn -0.9526 -0.0981 -0.2879
vn -0.9766 -0.2136 -0.0246
vn -0.9537 0.0155 -0.3002
vn -0.9736 -0.0455 0.2235
vn -0.8492 0.1098 -0.5166
vn -0.7000 -0.1285 0.7025
vn -0.9658 0.1850 -0.1817
vn -0.7688 0.2900 0.5700
vn -0.8399 0.5402 -0.0529
vn -0.7547 0.3939 0.5247
vn -0.8797 0.4523 -0.1466
vn -0.7172 0.6185 0.3211
vn -0.8706 0.4825 -0.0959
vn -0.8490 0.4712 -0.2391
vn -0.7854 0.5761 -0.2263
vn -0.7210 0.4049 -0.5624
vn -0.6575 0.4196 -0.6258
vn -0.5505 0.6139 -0.5658
vn -0.3657 0.8109 -0.4569
vn -0.4909 0.7118 -0.5024
vn -0.6663 0.7457 0.0013
vn -0.7585 0.6462 -0.0845
vn -0.8797 0.4218 0.2198
vn -0.8451 0.3918 0.3636
vn -0.8084 0.3733 0.4552
vn -0.6459 0.7574 0.0962
vn -0.6649 0.4320 0.6093
vn -0.7720 0.2393 0.5889
vn -0.7403 0.6339 0.2240
vn -0.8684 0.4893 0.0802
vn -0.4076 0.8634 -0.2974
vn -0.5177 0.6482 -0.5584
vn -0.6883 0.6656 -0.2883
vn -0.5380 0.5713 -0.6198
vn -0.2857 0.4363 -0.8533
vn -0.3173 0.2540 -0.9137
vn -0.7216 0.1691 -0.6713
vn -0.1499 -0.3916 0.9078
vn -0.6935 0.2824 -0.6628
vn 0.9656 -0.1957 -0.1712
vn -0.1611 -0.3601 0.9189
vn -0.3315 -0.2844 -0.8996
vn -0.8109 -0.3684 -0.4547
vn -0.8312 -0.5399 0.1327
vn -0.4161 -0.7187 0.5570
vn 0.1953 -0.7969 0.5717
vn 0.6477 -0.7386 0.1870
vn 0.7150 -0.5555 -0.4246
vn 0.3082 -0.3611 -0.8801
vn -0.3437 -0.0143 -0.9390
vn -0.8882 -0.0764 -0.4531
vn -0.9320 -0.2574 0.2551
vn -0.4496 -0.4511 0.7709
vn 0.2763 -0.5442 0.7921
vn 0.8208 -0.4821 0.3062
vn 0.8647 -0.3011 -0.4021
vn 0.3823 -0.1073 -0.9178
vn -0.0661 0.9669 -0.2463
vn -0.3574 0.9339 0.0138
vn -0.3799 0.8376 0.3925
vn -0.1142 0.7251 0.6791
vn 0.3025 0.5883 0.7499
vn 0.5559 0.7177 0.4195
vn 0.5820 0.8122 0.0403
vn 0.3225 0.9170 -0.2346
vn 0.9645 -0.1687 -0.2031
vn 0.2884 0.9507 -0.1142
vn 0.2326 0.8441 0.4832
vn 0.6760 0.3981 -0.6201
vn 0.9047 0.2213 0.3642
vn 0.9930 0.0726 -0.0932
vn 0.9609 0.1379 0.2399
vn 0.7232 0.6158 0.3127
vn 0.5986 0.3683 0.7114
vn 0.4085 0.8666 0.2867
vn 0.9400 0.3150 -0.1308
vn 0.9612 0.1696 0.2176
vn 0.6891 0.4963 0.5280
vn 0.9159 0.2987 0.2683
vn 0.7895 0.3567 0.4996
vn 0.7596 0.4197 0.4969
vn 0.4168 0.8898 0.1857
vn -0.1919 0.8398 0.5078
vn 0.7680 0.3839 0.5126
vn -0.1937 0.1397 0.9711
vn 0.4271 -0.1690 0.8883
vn 0.1692 0.0216 0.9853
vn 0.0765 0.3449 0.9355
vn -0.3522 0.1173 0.9285
vn 0.3028 0.8554 0.4203
vn 0.3609 0.3200 0.8760
vn 0.2324 -0.0727 0.9699
vn -0.1396 0.2256 0.9642
vn 0.1790 -0.0111 0.9838
vn -0.0797 0.0647 0.9947
vn -0.0860 0.1339 0.9873
vn 0.5297 0.7045 0.4723
vn -0.1370 0.9395 0.3139
vn 0.3110 0.2771 0.9091
vn 0.0905 0.1667 0.9818
vn 0.5410 -0.1011 0.8349
vn 0.3498 -0.0143 0.9367
vn 0.4142 0.3206 0.8518
vn -0.0612 0.3079 0.9494
vn 0.2475 0.8309 0.4984
vn 0.2280 0.2199 0.9485
vn 0.3631 -0.0672 0.9293
vn 0.1795 0.3117 0.9331
vn 0.3628 -0.0409 0.9310
vn 0.1700 0.1427 0.9750
vn 0.1924 0.2070 0.9592
vn -0.1380 0.9321 0.3348
vn 0.4087 0.9005 -0.1487
vn 0.3286 0.8693 0.3692
vn -0.3071 0.9038 0.2980
vn -0.2346 0.2409 0.9418
vn -0.4628 0.2087 0.8616
vn -0.5791 -0.1956 0.7915
vn -0.6041 -0.0161 0.7968
vn -0.4419 0.5543 0.7053
vn -0.8034 0.4664 0.3703
vn 0.0081 0.8822 0.4707
vn -0.3734 0.0878 0.9235
vn -0.6562 0.0190 0.7543
vn -0.6776 0.5096 0.5302
vn -0.6270 0.2288 0.7446
vn -0.7307 0.3737 0.5714
vn -0.6751 0.4406 0.5917
vn -0.0169 0.8431 0.5376
vn 0.1673 0.9859 0.0068
vn -0.8136 0.4078 0.4145
vn -0.6386 0.7493 -0.1753
vn -0.9878 0.1548 0.0152
vn -0.2888 0.7372 -0.6108
vn -0.6436 0.6400 0.4198
vn 0.1849 0.8471 -0.4982
vn -0.0690 0.9729 0.2205
vn -0.8144 0.5802 -0.0091
vn -0.6792 0.6055 -0.4147
vn -0.3285 0.9386 -0.1052
vn -0.8222 0.5339 0.1973
vn 0.0166 0.9063 -0.4224
vn -0.4587 0.8783 -0.1349
vn -0.1141 0.9250 0.3625
vn 0.2010 0.9794 -0.0179
vn -0.6947 0.6465 -0.3152
vn -0.5392 0.7266 -0.4258
vn -0.9959 -0.0427 -0.0801
vn -0.9958 0.0211 0.0893
vn -0.6732 0.5664 0.4754
vn -0.6261 0.7786 0.0413
vn -0.0447 0.9910 0.1264
vn -0.6772 0.6210 -0.3946
vn -0.9918 0.1163 0.0522
vn -0.6787 0.6874 0.2584
vn -0.8969 0.3553 0.2632
vn -0.7915 0.5864 0.1720
vn -0.7541 0.6183 0.2216
vn -0.3262 0.5234 -0.7871
vn -0.2070 0.5351 -0.8191
vn 0.4381 0.0728 -0.8960
vn 0.5063 0.3462 -0.7898
vn 0.4480 0.6800 -0.5804
vn 0.8162 0.4320 -0.3837
vn -0.0017 0.9996 0.0290
vn -0.1875 0.4776 -0.8583
vn 0.5084 0.2523 -0.8233
vn 0.6540 0.5630 -0.5052
vn 0.4937 0.4836 -0.7227
vn 0.7098 0.4457 -0.5455
vn 0.6451 0.5206 -0.5593
vn 0.2062 0.9040 -0.3744
vn 0.2457 0.8614 0.4446
vn 0.2411 0.3477 -0.9061
vn 0.8968 0.4419 -0.0208
vn 0.6983 0.2391 -0.6747
vn 0.7658 0.3608 -0.5324
vn 0.5109 0.7879 -0.3437
vn 0.7610 0.6470 0.0477
vn 0.3873 0.9136 0.1240
vn 0.6755 0.4761 -0.5631
vn 0.7547 0.3724 -0.5402
vn 0.6645 0.7306 -0.1569
vn 0.7150 0.5069 -0.4815
vn 0.7594 0.6068 -0.2348
vn 0.7171 0.6608 -0.2214
vn -0.7454 0.2844 -0.6029
vn -0.8051 0.1770 -0.5661
vn -0.7816 0.1811 -0.5970
vn 0.3041 0.6839 -0.6632
vn -0.4837 0.8071 -0.3387
vn -0.0752 0.8104 -0.5811
vn 0.7258 0.2648 -0.6349
vn 0.8892 0.1415 -0.4351
vn 0.8516 0.1256 -0.5088
vn 0.7960 -0.0126 -0.6052
vn 0.7885 0.0752 -0.6104
vn 0.8229 0.0086 -0.5681
vn 0.5876 0.0999 0.8029
vn 0.3686 -0.0912 0.9251
vn 0.3530 -0.0119 0.9356
vn -0.6700 -0.2411 -0.7021
vn -0.1091 0.4742 0.8736
vn 0.8594 0.5034 -0.0899
vn 0.9785 0.0908 -0.1852
vn 0.9777 0.0987 -0.1853
vn -0.2009 -0.0123 0.9795
vn -0.1905 0.1410 0.9715
vn -0.6865 -0.0648 -0.7242
vn -0.6604 -0.2041 -0.7226
vn 0.9432 0.2381 -0.2318
vn -0.3119 0.2999 0.9015
vn -0.7145 -0.2213 -0.6637
vn 0.6183 -0.7783 0.1097
vn 0.9851 0.0213 -0.1709
vn -0.1971 -0.1130 0.9738
vn -0.7049 0.0776 -0.7050
vn -0.0608 -0.9446 -0.3224
vn -0.7645 -0.6348 0.1125
vn 0.9719 -0.0673 -0.2258
vn -0.2243 -0.2246 0.9483
vn -0.6899 0.2545 -0.6777
vn -0.4418 -0.2819 0.8516
vn 0.3998 -0.3706 0.8383
vn 0.9882 0.0635 -0.1392
vn -0.1734 0.2282 0.9581
vn -0.6708 -0.2385 -0.7022
vn -0.5540 0.1841 0.8119
vn 0.9987 -0.0471 -0.0200
vn -0.5412 0.2499 0.8029
vn -0.3781 -0.5103 -0.7724
vn 0.9999 -0.0143 0.0070
vn -0.7301 -0.2796 0.6236
vn -0.1912 -0.1301 0.9729
vn 0.4116 -0.1983 0.8895
vn 0.7733 -0.4456 0.4510
vn 0.6826 -0.7251 -0.0910
vn 0.2122 -0.8807 -0.4236
vn -0.4256 -0.8211 -0.3805
vn -0.8222 -0.5667 0.0540
vn -0.8248 -0.0301 0.5647
vn -0.2386 0.1678 0.9565
vn 0.4863 0.1160 0.8661
vn 0.9252 -0.1550 0.3463
vn 0.8212 -0.4866 -0.2982
vn 0.2349 -0.6846 -0.6901
vn -0.4900 -0.6327 -0.5996
vn -0.9289 -0.3617 -0.0799
vn -0.4352 0.8854 -0.1631
vn -0.1215 0.9915 0.0465
vn 0.2659 0.9640 -0.0029
vn 0.5113 0.8097 -0.2880
vn 0.5260 0.5503 -0.6485
vn 0.1314 0.5366 -0.8336
vn -0.2567 0.5612 -0.7869
vn -0.4906 0.7079 -0.5081
vn -0.3186 -0.4540 -0.8321
vn -0.3762 0.7681 -0.5182
vn 0.2288 0.7736 -0.5909
vn -0.8147 0.0500 -0.5777
vn 0.1184 -0.0515 -0.9916
vn -0.3031 -0.2854 -0.9092
vn 0.0070 -0.1661 -0.9861
vn 0.0185 0.3695 -0.9291
vn 0.4786 0.2392 -0.8448
vn 0.0012 0.7063 -0.7079
vn -0.3819 -0.0474 -0.9230
vn -0.0214 -0.1399 -0.9899
vn 0.2572 0.3010 -0.9183
vn 0.0076 0.0028 -1.0000
vn 0.2408 0.1329 -0.9614
vn 0.2303 0.2013 -0.9521
vn -0.1021 0.7106 -0.6962
vn 0.3380 0.9183 -0.2062
vn 0.2515 0.1674 -0.9533
vn 0.9350 0.3349 -0.1169
vn 0.8002 -0.1759 -0.5734
vn 0.9022 0.1032 -0.4187
vn 0.8019 0.4281 -0.4169
vn 0.9309 0.3622 0.0465
vn 0.1522 0.7511 -0.6424
vn 0.6938 0.2992 -0.6550
vn 0.8957 -0.0082 -0.4446
vn 0.8987 0.3952 -0.1903
vn 0.9060 0.0692 -0.4175
vn 0.9513 0.2297 -0.2054
vn 0.9302 0.2950 -0.2182
vn 0.1899 0.5409 -0.8193
vn 0.1199 0.9644 -0.2358
vn 0.7448 0.2811 -0.6051
vn 0.8826 0.2644 -0.3887
vn 0.7115 -0.1593 -0.6844
vn 0.8277 0.0012 -0.5611
vn 0.6600 0.2781 -0.6979
vn 0.8508 0.4428 -0.2830
vn 0.2433 0.7585 -0.6046
vn 0.8116 0.2620 -0.5222
vn 0.8297 -0.0535 -0.5557
vn 0.7863 0.3617 -0.5009
vn 0.8255 -0.0288 -0.5636
vn 0.8656 0.2140 -0.4528
vn 0.8318 0.2638 -0.4884
vn 0.1416 0.9608 -0.2381
vn -0.4221 0.6754 -0.6047
vn 0.0953 0.7479 -0.6569
vn 0.1465 0.9871 -0.0648
vn 0.8928 0.4387 -0.1018
vn 0.8689 0.4753 0.1382
vn 0.9143 0.1295 0.3837
vn 0.8848 0.3055 0.3519
vn 0.6394 0.7668 0.0569
vn 0.4109 0.7608 0.5024
vn 0.2533 0.8840 -0.3929
vn 0.9369 0.3413 0.0760
vn 0.8469 0.3498 0.4004
vn 0.5291 0.7808 0.3323
vn 0.7856 0.5334 0.3136
vn 0.6089 0.6786 0.4108
vn 0.6025 0.7246 0.3345
vn 0.3307 0.8657 -0.3757
vn -0.2442 0.8595 -0.4490
vn 0.4681 0.7162 0.5176
vn -0.2052 0.8892 0.4090
vn 0.1774 0.4836 0.8571
vn -0.6881 0.6960 0.2049
vn 0.3881 0.8745 0.2910
vn -0.6994 0.6523 -0.2922
vn 0.0097 0.9588 -0.2838
vn 0.0259 0.8159 0.5775
vn -0.3940 0.7352 0.5516
vn -0.2419 0.9690 0.0496
vn 0.2347 0.8051 0.5447
vn -0.6064 0.7756 -0.1750
vn -0.2309 0.9533 0.1949
vn 0.1649 0.9500 -0.2652
vn -0.2731 0.8384 -0.4716
vn -0.3049 0.7929 0.5276
vn -0.4592 0.7983 0.3897
vn 0.1316 0.2893 0.9481
vn 0.2792 0.3728 0.8849
vn 0.4633 0.8242 0.3256
vn -0.0073 0.9431 0.3323
vn -0.0889 0.9538 -0.2870
vn -0.3786 0.7518 0.5398
vn 0.2221 0.4545 0.8626
vn 0.2305 0.9075 0.3512
vn 0.3519 0.6743 0.6493
vn 0.1928 0.8398 0.5074
vn 0.2257 0.8638 0.4506
vn -0.8019 0.4850 0.3489
vn -0.8587 0.4505 0.2442
vn -0.9589 -0.2103 -0.1904
vn -0.9314 0.0355 -0.3622
vn -0.7935 0.3954 -0.4627
vn -0.6245 0.0674 -0.7781
vn -0.1924 0.9331 -0.3037
vn -0.8874 0.3849 0.2537
vn -0.9431 -0.0572 -0.3274
vn -0.7370 0.2271 -0.6366
vn -0.8952 0.1770 -0.4091
vn -0.7607 0.0933 -0.6424
vn -0.7775 0.1830 -0.6017
vn -0.5979 0.7156 -0.3610
vn 0.1855 0.7797 -0.5980
vn -0.9899 0.1109 -0.0888
vn -0.2962 0.1009 -0.9498
vn -0.8362 -0.1132 -0.5366
vn -0.7406 -0.0028 -0.6720
vn -0.6038 0.5080 -0.6142
vn -0.2489 0.3476 -0.9040
vn -0.1603 0.7339 -0.6600
vn -0.7773 0.1307 -0.6154
vn -0.7484 0.0106 -0.6632
vn -0.4435 0.4290 -0.7869
vn -0.7141 0.1575 -0.6821
vn -0.5094 0.2704 -0.8169
vn -0.5002 0.3370 -0.7976
vn -0.4896 0.4327 0.7570
vn -0.4189 0.3586 0.8342
vn -0.4540 0.3499 0.8194
vn -0.8447 0.4364 -0.3100
vn -0.4048 0.8665 0.2921
vn -0.7185 0.6952 -0.0208
vn -0.8094 -0.0930 -0.5799
vn -0.6240 -0.2347 -0.7453
vn -0.6834 -0.2472 -0.6869
vn -0.7338 -0.3704 -0.5695
vn -0.7567 -0.2870 -0.5874
vn -0.7085 -0.3546 -0.6102
vn 0.6274 0.0068 -0.7787
vn 0.8298 -0.0783 -0.5525
vn 0.8254 0.0022 -0.5645
vn -0.6162 -0.7637 0.1924
vn 0.2590 0.8672 0.4253
vn 0.2253 0.7375 -0.6366
vn 0.0794 -0.4903 -0.8679
vn 0.7408 0.0313 -0.6710
vn 0.6645 0.7407 0.0988
vn 0.2920 0.7430 0.6022
vn -0.7293 -0.3017 0.6142
vn -0.8157 -0.5723 0.0846
vn 0.3635 0.1112 -0.9249
vn 0.1688 0.6119 0.7727
vn -0.7914 -0.5387 0.2888
vn -0.1875 -0.4662 -0.8646
vn 0.8976 0.4342 0.0756
vn -0.7305 -0.0211 0.6826
vn -0.4794 -0.4238 -0.7684
vn 0.9857 0.0829 -0.1466
vn -0.5156 0.2577 0.8172
vn 0.5847 -0.0523 -0.8095
vn 0.2540 0.8407 0.4782
vn -0.6904 -0.6827 0.2391
vn 0.6634 -0.1347 -0.7360
vn 0.3648 0.6786 0.6375
vn -0.8821 -0.4638 0.0818
vn -0.1077 -0.0623 -0.9922
vn -0.8020 -0.1974 0.5638
vn 0.7919 0.1240 0.5979
vn 0.2695 0.2893 -0.9185
vn -0.8920 0.0161 0.4518
vn 0.6446 0.3093 0.6991
vn 0.0260 -0.3203 -0.9470
vn -0.8718 -0.3835 -0.3048
vn -0.5354 -0.3989 0.7445
vn 0.5608 -0.3456 0.7523
vn 0.9104 -0.2972 -0.2878
vn 0.0050 0.0704 -0.9975
vn -0.9488 0.0046 -0.3157
vn -0.5947 -0.0041 0.8039
vn 0.5780 0.0564 0.8141
vn 0.9487 0.1024 -0.2992
vn -0.0210 0.5483 -0.8360
vn -0.8317 0.4923 -0.2566
vn -0.5308 0.4849 0.6951
vn 0.4660 0.5363 0.7037
vn 0.7811 0.5754 -0.2426
vn -0.0516 0.9984 0.0241
vn -0.0393 0.0987 -0.9943
vn -0.7346 -0.2427 0.6336
vn 0.7957 0.0414 0.6042
vn 0.3004 0.0742 -0.9509
vn 0.2714 0.0537 -0.9610
vn 0.7103 0.1706 0.6829
vn 0.5819 -0.3785 0.7198
vn -0.8406 0.2849 0.4606
vn -0.8595 -0.2054 0.4681
vn 0.1129 0.1823 -0.9767
vn 0.6300 0.1180 0.7675
vn -0.9370 0.0090 0.3493
vn -0.8619 0.3186 0.3946
vn 0.1960 0.0891 -0.9765
vn 0.5910 -0.3835 0.7097
vn 0.3405 -0.0117 -0.9402
vn 0.6888 -0.1497 0.7093
vn -0.8587 0.1114 0.5003
vn -0.8515 -0.3371 0.4016
vn 0.0064 0.1555 -0.9878
vn 0.7217 0.1124 0.6830
vn 0.1393 0.0777 -0.9872
vn 0.5931 -0.1860 0.7834
vn -0.9138 0.1392 0.3815
vn 0.4622 0.4297 0.7757
vn 0.5472 0.2727 0.7914
vn -0.1629 0.3506 0.9223
vn 0.3879 0.5082 0.7689
vn 0.3337 0.4497 0.8285
vn -0.0348 0.5199 0.8535
vn 0.2723 0.9420 0.1961
vn 0.0224 0.9705 0.2400
vn 0.1564 0.9667 0.2028
vn 0.1079 0.9764 0.1869
vn 0.0516 0.9872 0.1509
vn 0.0087 0.9569 0.2903
vn 0.1774 0.9731 0.1468
vn 0.0434 0.9294 0.3664
vn 0.0504 0.9822 0.1811
vn 0.1167 0.9693 0.2164
vn 0.1390 0.9268 0.3489
vn 0.1241 0.9802 0.1544
vn 0.0364 0.9641 0.2630
vn -0.0108 0.9952 0.0975
vn -0.0704 0.9616 0.2654
vn 0.0808 0.9404 0.3304
vn 0.1035 0.9289 0.3555
vn -0.0802 0.9031 -0.4219
vn 0.1010 0.8935 -0.4375
vn -0.3966 0.9095 -0.1248
vn -0.1807 0.7287 -0.6605
vn 0.1201 0.6850 -0.7186
vn -0.5486 0.7006 -0.4564
vn -0.7446 0.6591 -0.1052
vn -0.7381 0.6652 0.1127
vn -0.5633 0.8230 0.0731
vn -0.5764 0.7947 0.1905
vn -0.5531 0.7347 0.3928
vn -0.4241 0.6453 0.6354
vn -0.6980 0.5784 0.4222
vn -0.5390 0.4425 0.7167
vn 0.3831 0.6070 -0.6963
vn 0.7266 0.5050 -0.4658
vn 0.2694 0.8520 -0.4490
vn 0.5514 0.7828 -0.2883
vn 0.7446 0.6604 0.0970
vn 0.7791 0.5796 0.2388
vn 0.8901 0.4553 0.0209
vn 0.8481 0.4521 0.2762
vn 0.8443 0.3042 0.4412
vn 0.4683 0.2534 0.8465
vn 0.7523 0.5941 0.2848
vn 0.4188 0.5651 0.7108
vn 0.5537 0.3521 -0.7546
vn 0.5863 0.1794 -0.7900
vn 0.8357 0.5133 -0.1953
vn 0.5447 0.4494 -0.7080
vn 0.6253 0.4222 -0.6563
vn 0.7072 0.6169 -0.3453
vn -0.0749 0.8099 -0.5817
vn 0.0107 0.9281 -0.3722
vn -0.0507 0.8734 -0.4843
vn -0.0584 0.8968 -0.4386
vn -0.0840 0.9209 -0.3807
vn 0.0645 0.9273 -0.3687
vn -0.1098 0.8642 -0.4910
vn 0.1363 0.9009 -0.4122
vn -0.0537 0.9209 -0.3860
vn -0.0304 0.8914 -0.4522
vn 0.1010 0.8632 -0.4946
vn -0.0935 0.8901 -0.4461
vn 0.0312 0.9207 -0.3891
vn -0.1242 0.9420 -0.3119
vn 0.0554 0.9552 -0.2909
vn 0.0920 0.8931 -0.4404
vn 0.1139 0.8783 -0.4643
vn -0.5860 0.8058 -0.0853
vn -0.6349 0.7328 -0.2448
vn -0.2405 0.9624 0.1259
vn -0.7553 0.6441 0.1211
vn -0.8611 0.4923 -0.1270
vn -0.4808 0.7729 0.4141
vn -0.0972 0.8517 0.5150
vn 0.1082 0.8863 0.4503
vn 0.0007 0.9674 0.2531
vn 0.1216 0.9624 0.2430
vn 0.3234 0.9276 0.1868
vn 0.5490 0.8352 0.0317
vn 0.4149 0.8362 0.3587
vn 0.6942 0.6978 0.1764
vn -0.8750 0.3332 -0.3511
vn -0.7011 0.1540 -0.6963
vn -0.6703 0.6350 -0.3841
vn -0.5579 0.4974 -0.6644
vn -0.2016 0.3727 -0.9058
vn -0.0553 0.3062 -0.9504
vn -0.2580 0.1216 -0.9585
vn -0.0052 0.1695 -0.9855
vn 0.1857 0.0571 -0.9809
vn 0.6589 0.1964 -0.7261
vn -0.0092 0.3355 -0.9420
vn 0.4705 0.4834 -0.7382
vn -0.2834 0.7627 0.5814
vn -0.0303 0.6020 0.7979
vn -0.5007 0.7865 0.3615
vn -0.1695 0.8546 0.4908
vn 0.0684 0.9912 0.1136
vn 0.0001 0.7341 0.6791
vn -0.3369 0.8829 0.3271
vn 0.1603 0.9823 0.0971
vn -0.3503 0.9159 0.1959
vn -0.5067 0.8353 0.2133
vn 0.1988 0.9718 0.1266
vn -0.3146 0.9426 0.1115
vn 0.2219 0.9510 0.2154
vn -0.4762 0.8762 0.0750
vn -0.2762 0.9571 0.0876
vn 0.0938 0.9423 0.3212
vn -0.3803 0.9245 0.0250
vn -0.1207 0.9927 0.0047
vn 0.0669 0.9183 0.3901
vn -0.1960 0.9743 -0.1107
vn 0.0397 0.9990 -0.0202
vn 0.0034 0.9024 0.4309
vn 0.0809 0.9723 -0.2194
vn 0.2237 0.9691 -0.1042
vn -0.0073 0.9150 0.4033
vn 0.3328 0.8895 -0.3130
vn 0.4534 0.8893 0.0601
vn 0.0360 0.9238 0.3811
vn 0.6059 0.7887 -0.1041
vn 0.5454 0.7785 0.3106
vn 0.7104 0.6526 0.2635
vn 0.0820 0.9384 0.3358
vn 0.5594 0.7927 0.2423
vn 0.0194 0.9781 0.2071
vn 0.7285 0.6490 0.2196
vn 0.5471 0.7958 0.2596
vn 0.0622 0.9912 0.1172
vn 0.6714 0.6822 0.2894
vn 0.4683 0.7601 0.4505
vn 0.1064 0.9883 0.1096
vn 0.6272 0.5739 0.5266
vn 0.2294 0.7893 0.5696
vn 0.0768 0.9952 0.0608
vn 0.3804 0.6026 0.7016
vn 0.1300 0.7133 0.6887
vn 0.1290 0.5798 0.8045
vn 0.0852 0.9840 0.1564
vn 0.0944 0.9760 0.1963
vn 0.1165 0.9633 0.2417
vn 0.0654 0.4865 0.8712
vn 0.4665 0.4133 0.7820
vn -0.2764 0.4962 0.8230
vn 0.0813 0.6336 0.7694
vn -0.0025 0.9272 0.3745
vn 0.3860 0.5613 0.7321
vn -0.1603 0.6599 0.7341
vn 0.0001 0.9602 0.2793
vn -0.3295 0.7271 0.6022
vn -0.4468 0.5093 0.7355
vn -0.0270 0.9796 0.1989
vn -0.3721 0.8313 0.4129
vn 0.0138 0.9779 0.2089
vn -0.5201 0.6736 0.5252
vn -0.4209 0.8515 0.3128
vn -0.0058 0.9405 0.3397
vn -0.5705 0.7681 0.2908
vn -0.4209 0.8977 0.1303
vn 0.0048 0.9375 0.3481
vn -0.5840 0.8100 0.0536
vn -0.2780 0.9601 -0.0313
vn 0.0448 0.9458 0.3216
vn -0.3911 0.8811 -0.2659
vn -0.0959 0.9554 -0.2794
vn 0.1103 0.9561 0.2716
vn -0.1357 0.8188 -0.5578
vn 0.2990 0.8996 -0.3183
vn 0.2389 0.9435 0.2298
vn 0.2549 0.7706 -0.5841
vn 0.6131 0.7779 -0.1375
vn 0.6467 0.6885 -0.3281
vn 0.3509 0.9179 0.1855
vn 0.5456 0.8084 -0.2208
vn 0.1877 0.9775 0.0965
vn 0.6340 0.7004 -0.3279
vn 0.5461 0.8206 -0.1685
vn 0.1407 0.9886 0.0531
vn 0.6783 0.7050 -0.2069
vn 0.6420 0.7564 0.1253
vn 0.1779 0.9774 0.1138
vn 0.8196 0.5696 0.0617
vn 0.5637 0.6993 0.4396
vn 0.1371 0.9758 0.1705
vn 0.7650 0.4860 0.4225
vn 0.5623 0.5526 0.6152
vn 0.6453 0.3819 0.6616
vn 0.1812 0.9401 0.2888
vn 0.1388 0.9149 0.3791
vn 0.1085 0.9665 0.2324
vn 0.4435 0.8884 -0.1184
vn 0.6351 0.6837 -0.3594
vn 0.2716 0.9534 0.1313
vn 0.3140 0.9219 -0.2268
vn -0.1237 0.9135 -0.3876
vn 0.4865 0.7789 -0.3958
vn 0.1848 0.9820 -0.0388
vn -0.1558 0.8715 -0.4650
vn 0.0550 0.9985 -0.0022
vn 0.1205 0.9796 0.1609
vn -0.1331 0.8528 -0.5050
vn -0.0386 0.9990 -0.0208
vn -0.0483 0.8382 -0.5432
vn -0.0266 0.9873 0.1568
vn -0.0723 0.9959 -0.0543
vn 0.0802 0.8892 -0.4505
vn -0.1042 0.9923 0.0674
vn -0.1903 0.9639 -0.1860
vn 0.1566 0.8859 -0.4366
vn -0.2814 0.9561 -0.0813
vn -0.2475 0.9114 -0.3287
vn 0.2117 0.8986 -0.3842
vn -0.4400 0.8440 -0.3066
vn -0.3578 0.8087 -0.4669
vn 0.1848 0.9101 -0.3709
vn -0.5614 0.6677 -0.4890
vn -0.2292 0.6796 -0.6969
vn 0.1529 0.9003 -0.4075
vn -0.3942 0.5106 -0.7642
vn 0.0161 0.5811 -0.8137
vn -0.0341 0.4010 -0.9154
vn 0.0973 0.8916 -0.4423
vn -0.0550 0.5797 -0.8130
vn -0.0219 0.9315 -0.3631
vn -0.0788 0.3852 -0.9195
vn -0.0368 0.5892 -0.8071
vn -0.1191 0.9161 -0.3828
vn -0.0081 0.4455 -0.8952
vn 0.1691 0.6103 -0.7739
vn -0.1345 0.8972 -0.4206
vn 0.2511 0.3940 -0.8841
vn 0.3240 0.7362 -0.5942
vn -0.1768 0.9068 -0.3828
vn 0.4611 0.5300 -0.7117
vn 0.4743 0.7166 -0.5114
vn 0.6145 0.6096 -0.5008
vn -0.0847 0.9072 -0.4120
vn -0.0467 0.9023 -0.4285
vn -0.0048 0.8895 -0.4569
vn 0.7115 0.5542 -0.4320
vn 0.5624 0.3363 -0.7554
vn 0.7315 0.6732 -0.1085
vn 0.5787 0.6708 -0.4639
vn 0.1536 0.9157 -0.3714
vn 0.4982 0.4941 -0.7125
vn 0.5873 0.7727 -0.2407
vn 0.0549 0.9318 -0.3589
vn 0.4804 0.8742 -0.0709
vn 0.6791 0.7310 0.0669
vn -0.0207 0.9476 -0.3188
vn 0.2851 0.9584 -0.0135
vn -0.0190 0.9334 -0.3583
vn 0.4566 0.8786 0.1401
vn 0.1949 0.9795 0.0514
vn 0.1181 0.9241 -0.3634
vn 0.2220 0.9500 0.2193
vn 0.0104 0.9963 0.0853
vn 0.1247 0.9189 -0.3744
vn -0.0110 0.9596 0.2811
vn -0.1862 0.9823 -0.0225
vn 0.0896 0.9092 -0.4066
vn -0.3701 0.9140 0.1661
vn -0.4583 0.8802 -0.1236
vn 0.0265 0.8892 -0.4568
vn -0.6861 0.7271 0.0262
vn -0.5619 0.6878 -0.4595
vn -0.0363 0.8275 -0.5603
vn -0.7785 0.5450 -0.3113
vn -0.4252 0.4933 -0.7589
vn -0.5941 0.3715 -0.7135
vn -0.0953 0.7591 -0.6439
vn -0.4979 0.5328 -0.6843
vn -0.1608 0.8575 -0.4887
vn -0.5940 0.3869 -0.7053
vn -0.4508 0.5514 -0.7020
vn -0.1954 0.8778 -0.4374
vn -0.4883 0.3934 -0.7790
vn -0.1752 0.5010 -0.8475
vn -0.1424 0.8633 -0.4842
vn -0.2302 0.2578 -0.9384
vn 0.1531 0.5197 -0.8405
vn -0.0797 0.8838 -0.4610
vn 0.1436 0.2504 -0.9574
vn 0.3534 0.4091 -0.8413
vn 0.4187 0.2288 -0.8788
vn 0.0323 0.8525 -0.5217
vn 0.1326 0.8565 -0.4988
vn -0.0129 0.8939 -0.4481
vn 0.4483 0.4306 0.7833
vn -0.1564 0.4459 0.8813
vn 0.8673 0.1410 0.4775
vn -0.1592 0.3735 0.9139
vn 0.5065 0.1504 0.8490
vn 0.3787 0.2680 0.8859
vn 0.4361 0.6831 0.5858
vn -0.0542 0.7080 0.7042
vn -0.0818 0.4271 0.9005
vn 0.3897 0.3586 0.8482
vn 0.4445 0.2653 0.8556
vn 0.1928 0.7175 0.6694
vn 0.3839 0.4806 0.7885
vn 0.1340 0.5633 0.8153
vn 0.2097 0.6312 0.7467
vn 0.4406 0.1342 0.8876
vn 0.1717 0.1025 0.9798
vn 0.2430 0.0593 0.9682
vn 0.2965 -0.1248 0.9468
vn 0.3286 -0.0178 0.9443
vn 0.2642 -0.0731 0.9617
vn 0.8345 0.5507 0.0189
vn 0.5878 0.5431 0.5996
vn 0.8119 0.1418 -0.5663
vn 0.6635 0.4873 0.5677
vn 0.9343 -0.2154 0.2841
vn 0.9955 0.0123 0.0937
vn 0.6888 0.7134 -0.1289
vn 0.5589 0.7480 0.3579
vn 0.6557 0.5608 0.5056
vn 0.8890 0.4579 0.0010
vn 0.9911 0.0904 0.0978
vn 0.6451 0.7540 0.1237
vn 0.8519 0.5233 0.0197
vn 0.7528 0.6090 0.2497
vn 0.7253 0.6723 0.1484
vn 0.9875 0.1540 0.0348
vn 0.9397 0.1295 0.3166
vn 0.9614 0.0222 0.2744
vn 0.8533 0.4556 -0.2536
vn 0.5878 0.5662 0.5779
vn 0.3357 0.9345 0.1187
vn 0.6980 0.4491 0.5578
vn 0.9622 0.2722 0.0099
vn 0.9192 0.3576 0.1648
vn 0.6355 0.7685 0.0744
vn 0.5749 0.7205 0.3878
vn 0.5983 0.7561 0.2653
vn 0.8549 0.4843 0.1861
vn 0.9268 0.3685 0.0721
vn 0.6121 0.7533 0.2405
vn 0.7905 0.5832 0.1873
vn 0.7160 0.6002 0.3565
vn 0.6803 0.6725 0.2914
vn 0.9718 0.2134 0.1008
vn 0.9388 -0.0413 0.3420
vn 0.9279 0.0191 0.3722
vn 0.9658 0.0035 0.2593
vn 0.9747 0.0249 0.2220
vn 0.9394 -0.1066 0.3258
vn 0.2949 0.7790 -0.5534
vn 0.6061 0.7889 -0.1018
vn -0.0479 0.1989 -0.9789
vn 0.7266 0.6246 -0.2863
vn 0.8081 -0.2124 -0.5495
vn 0.7810 0.1863 -0.5961
vn 0.3817 0.6725 -0.6340
vn 0.5883 0.7371 -0.3325
vn 0.5206 0.8203 -0.2368
vn 0.3254 0.5615 -0.7608
vn 0.7878 0.1257 -0.6029
vn 0.4741 0.7087 -0.5224
vn 0.6392 0.5269 -0.5601
vn 0.6641 0.6208 -0.4165
vn 0.6293 0.6562 -0.4164
vn 0.5513 0.1439 -0.8218
vn 0.8082 0.0828 -0.5830
vn 0.7710 0.0292 -0.6362
vn -0.2183 0.6208 -0.7530
vn 0.3655 0.6900 -0.6248
vn -0.7171 0.0816 -0.6921
vn 0.3253 0.5576 -0.7637
vn -0.2759 0.1533 -0.9489
vn -0.1564 0.2845 -0.9458
vn -0.3355 0.6733 -0.6588
vn 0.1627 0.7516 -0.6392
vn 0.2346 0.6995 -0.6751
vn -0.2665 0.4515 -0.8516
vn -0.2272 0.2738 -0.9346
vn -0.0841 0.7355 -0.6723
vn -0.2101 0.4893 -0.8464
vn 0.0275 0.5968 -0.8019
vn -0.0704 0.6529 -0.7541
vn -0.2007 0.1458 -0.9687
vn 0.0848 0.1455 -0.9857
vn 0.0179 0.0951 -0.9953
vn -0.0191 -0.0943 -0.9954
vn -0.0620 0.0089 -0.9980
vn 0.0102 -0.0389 -0.9992
vn -0.8338 0.4354 -0.3395
vn -0.3922 0.6135 -0.6854
vn -0.9573 -0.0727 0.2799
vn -0.5258 0.5084 -0.6819
vn -0.7964 -0.2852 -0.5333
vn -0.9302 -0.0764 -0.3591
vn -0.7710 0.6357 -0.0384
vn -0.5209 0.7122 -0.4706
vn -0.5003 0.6003 -0.6240
vn -0.9377 0.2850 -0.1986
vn -0.9333 0.0019 -0.3592
vn -0.6664 0.6956 -0.2684
vn -0.8673 0.4405 -0.2320
vn -0.7205 0.5490 -0.4236
vn -0.7278 0.6084 -0.3165
vn -0.9533 0.0616 -0.2955
vn -0.8301 0.0590 -0.5545
vn -0.8505 -0.0522 -0.5234
vn -0.9587 0.2652 0.1030
vn -0.4120 0.5957 -0.6895
vn -0.7586 0.6099 -0.2292
vn -0.5381 0.5394 -0.6477
vn -0.9479 0.1968 -0.2504
vn -0.8776 0.2828 -0.3871
vn -0.7250 0.6308 -0.2766
vn -0.6219 0.5313 -0.5753
vn -0.5176 0.6067 -0.6033
vn -0.7788 0.5165 -0.3560
vn -0.9146 0.2632 -0.3069
vn -0.6692 0.5761 -0.4693
vn -0.7934 0.4226 -0.4382
vn -0.6877 0.4449 -0.5737
vn -0.6977 0.5131 -0.5000
vn -0.8974 0.1947 -0.3960
vn -0.8374 0.0168 -0.5464
vn -0.8040 0.0820 -0.5889
vn -0.8823 -0.0338 -0.4694
vn -0.8957 0.0141 -0.4444
vn -0.8435 -0.0330 -0.5361
vn -0.6135 0.5935 0.5209
vn -0.7584 0.6517 -0.0073
vn -0.2191 0.1807 0.9588
vn -0.8304 0.5331 0.1618
vn -0.8905 -0.3359 0.3069
vn -0.9326 -0.0356 0.3592
vn -0.6709 0.5161 0.5324
vn -0.7452 0.6386 0.1920
vn -0.7354 0.6663 0.1232
vn -0.5855 0.4660 0.6634
vn -0.9310 -0.0263 0.3641
vn -0.7070 0.5601 0.4318
vn -0.8338 0.3966 0.3841
vn -0.8384 0.4819 0.2547
vn -0.8052 0.5356 0.2547
vn -0.7395 0.1113 0.6639
vn -0.9077 -0.1199 0.4021
vn -0.9241 -0.1086 0.3663
vn -0.2280 0.6060 0.7621
vn -0.6744 0.6033 0.4257
vn 0.3299 0.2321 0.9150
vn -0.6798 0.4347 0.5906
vn -0.5944 -0.2979 0.7469
vn -0.5928 -0.0094 0.8053
vn -0.2955 0.5292 0.7954
vn -0.5420 0.6407 0.5438
vn -0.5832 0.6280 0.5153
vn -0.1780 0.4459 0.8772
vn -0.5814 -0.0271 0.8132
vn -0.3804 0.5699 0.7284
vn -0.5264 0.3820 0.7596
vn -0.5993 0.4260 0.6778
vn -0.5719 0.5108 0.6419
vn -0.2387 0.1199 0.9637
vn -0.5539 -0.1250 0.8231
vn -0.5857 -0.1461 0.7973
vn -0.7230 -0.6821 0.1102
vn -0.5976 -0.4181 -0.6842
vn 0.2662 -0.4545 -0.8500
vn 0.6311 -0.7679 -0.1092
vn 0.0419 -0.8919 0.4504
vn -0.4173 -0.6470 0.6381
vn -0.7402 -0.6271 -0.2426
vn 0.5185 -0.6039 0.6054
vn -0.0023 -0.5715 -0.8206
vn 0.7761 -0.5572 -0.2953
vt 0.248902 0.689962
vt 0.258208 0.722551
vt 0.250767 0.720945
vt 0.255509 0.629346
vt 0.260812 0.691207
vt 0.301178 0.600804
vt 0.288248 0.637913
vt 0.262928 0.576173
vt 0.332658 0.558397
vt 0.203573 0.577233
vt 0.270347 0.523000
vt 0.218512 0.627214
vt 0.193050 0.525486
vt 0.279753 0.467618
vt 0.205569 0.369436
vt 0.192243 0.444811
vt 0.383251 0.422791
vt 0.357513 0.501635
vt 0.298876 0.386180
vt 0.386146 0.353875
vt 0.322547 0.318257
vt 0.391569 0.301529
vt 0.340124 0.266409
vt 0.379325 0.247418
vt 0.318054 0.223838
vt 0.271163 0.251736
vt 0.230896 0.321148
vt 0.239520 0.689656
vt 0.244859 0.720106
vt 0.907007 0.105529
vt 0.892313 0.116516
vt 0.891639 0.111626
vt 0.854598 0.126217
vt 0.788788 0.117100
vt 0.854098 0.114601
vt 0.788977 0.142263
vt 0.734117 0.119171
vt 0.384233 0.098622
vt 0.337423 0.139547
vt 0.307189 0.087888
vt 0.329586 0.056838
vt 0.371665 0.028131
vt 0.788598 0.090710
vt 0.734799 0.076344
vt 0.853598 0.100531
vt 0.891271 0.103056
vt 0.906269 0.097773
vt 0.679102 0.044877
vt 0.605131 0.114043
vt 0.613836 0.022242
vt 0.545626 0.015066
vt 0.485505 0.109209
vt 0.484776 0.007153
vt 0.658232 0.188251
vt 0.665870 0.118374
vt 0.554567 0.204138
vt 0.548440 0.110522
vt 0.733435 0.161997
vt 0.433182 0.105400
vt 0.440734 0.018378
vt 0.381711 0.179909
vt 0.432193 0.195305
vt 0.922375 0.099433
vt 0.921267 0.092489
vt 0.907676 0.111816
vt 0.511779 0.259176
vt 0.496909 0.241559
vt 0.503260 0.237664
vt 0.534356 0.277493
vt 0.506220 0.264135
vt 0.569457 0.286108
vt 0.529729 0.284889
vt 0.605570 0.289846
vt 0.567962 0.294704
vt 0.652225 0.284880
vt 0.603615 0.301085
vt 0.699227 0.278639
vt 0.644029 0.318868
vt 0.755891 0.337202
vt 0.697012 0.330477
vt 0.750331 0.267237
vt 0.802256 0.333989
vt 0.695397 0.230426
vt 0.751193 0.210284
vt 0.808060 0.247739
vt 0.835774 0.158689
vt 0.779755 0.184253
vt 0.895435 0.150508
vt 0.867207 0.227512
vt 0.941169 0.253687
vt 0.895355 0.301801
vt 0.924567 0.203781
vt 0.963428 0.218087
vt 0.936694 0.162569
vt 0.650787 0.260038
vt 0.606017 0.279033
vt 0.569799 0.277438
vt 0.537705 0.269031
vt 0.516913 0.254217
vt 0.509611 0.233770
vt 0.134728 0.095166
vt 0.112538 0.108949
vt 0.121132 0.088929
vt 0.127330 0.114489
vt 0.101533 0.152523
vt 0.149428 0.101404
vt 0.144331 0.120028
vt 0.118718 0.156666
vt 0.135903 0.160809
vt 0.108118 0.232188
vt 0.140319 0.238098
vt 0.102156 0.287615
vt 0.138553 0.296837
vt 0.094427 0.340392
vt 0.090492 0.228487
vt 0.078788 0.290759
vt 0.090894 0.418564
vt 0.062668 0.342432
vt 0.036266 0.468541
vt 0.040585 0.419279
vt 0.086469 0.476111
vt 0.035762 0.529250
vt 0.167660 0.475951
vt 0.172560 0.421824
vt 0.085223 0.538746
vt 0.166562 0.589359
vt 0.172214 0.550626
vt 0.171771 0.634605
vt 0.084636 0.598871
vt 0.018985 0.592162
vt 0.020764 0.656527
vt 0.084663 0.650408
vt 0.037409 0.716977
vt 0.085472 0.707465
vt 0.068450 0.752777
vt 0.087870 0.749336
vt 0.080168 0.771095
vt 0.115952 0.752615
vt 0.149950 0.696715
vt 0.108944 0.769563
vt 0.165052 0.355577
vt 0.154525 0.082780
vt 0.142125 0.075844
vt 0.129726 0.068908
vt 0.136547 0.090429
vt 0.123126 0.084206
vt 0.150817 0.096652
vt 0.305986 0.820751
vt 0.300232 0.803010
vt 0.317456 0.812367
vt 0.290797 0.809071
vt 0.283774 0.790842
vt 0.289640 0.786082
vt 0.310817 0.793243
vt 0.328926 0.803982
vt 0.263761 0.758113
vt 0.269669 0.754863
vt 0.258365 0.759064
vt 0.276119 0.795858
vt 0.274530 0.664560
vt 0.252205 0.659654
vt 0.229016 0.658435
vt 0.501564 0.252847
vt 0.507519 0.248420
vt 0.513262 0.243993
vt 0.039722 0.263777
vt 0.045577 0.251376
vt 0.051991 0.259806
vt 0.033198 0.244210
vt 0.044559 0.240422
vt 0.035115 0.233172
vt 0.049498 0.229966
vt 0.059152 0.222974
vt 0.049461 0.214009
vt 0.061762 0.208569
vt 0.047476 0.270367
vt 0.034803 0.254799
vt 0.057818 0.273735
vt 0.061762 0.262245
vt 0.057529 0.193274
vt 0.041567 0.279845
vt 0.024145 0.258460
vt 0.030068 0.215149
vt 0.040628 0.222700
vt 0.055721 0.286340
vt 0.031111 0.270598
vt 0.023347 0.229385
vt 0.021405 0.244279
vt 0.011152 0.226339
vt 0.018875 0.208303
vt 0.041396 0.202887
vt 0.049459 0.180402
vt 0.022595 0.278023
vt 0.009343 0.245141
vt 0.032045 0.192677
vt 0.035577 0.289170
vt 0.013378 0.262950
vt 0.515647 0.845723
vt 0.535074 0.834248
vt 0.536606 0.842948
vt 0.514842 0.873842
vt 0.537495 0.860593
vt 0.535329 0.878530
vt 0.515943 0.859905
vt 0.470559 0.873012
vt 0.471155 0.859525
vt 0.200711 0.071202
vt 0.200054 0.064983
vt 0.208586 0.064418
vt 0.206310 0.049932
vt 0.205293 0.033970
vt 0.211666 0.033119
vt 0.212421 0.027279
vt 0.211468 0.022277
vt 0.214897 0.021311
vt 0.216679 0.024444
vt 0.215806 0.030508
vt 0.217461 0.035863
vt 0.217461 0.051689
vt 0.217400 0.064955
vt 0.216631 0.071283
vt 0.207655 0.027612
vt 0.182609 0.111498
vt 0.183326 0.117431
vt 0.174831 0.118244
vt 0.172231 0.127641
vt 0.176329 0.139423
vt 0.175601 0.156035
vt 0.168954 0.141022
vt 0.176178 0.162239
vt 0.178318 0.167175
vt 0.175006 0.168966
vt 0.172443 0.166148
vt 0.171937 0.159694
vt 0.168981 0.154556
vt 0.161445 0.139711
vt 0.166343 0.117224
vt 0.164263 0.127544
vt 0.167286 0.111329
vt 0.181014 0.160793
vt 0.101799 0.062856
vt 0.099914 0.056390
vt 0.105826 0.056164
vt 0.098240 0.046124
vt 0.106595 0.045143
vt 0.105584 0.027008
vt 0.112002 0.024908
vt 0.111569 0.018709
vt 0.109563 0.013780
vt 0.112875 0.012083
vt 0.115346 0.014922
vt 0.115716 0.021313
vt 0.114615 0.046497
vt 0.118607 0.026437
vt 0.115168 0.055103
vt 0.118607 0.060816
vt 0.106756 0.020023
vt 0.190536 0.310730
vt 0.188496 0.304643
vt 0.196962 0.302266
vt 0.192545 0.289727
vt 0.199156 0.288555
vt 0.195163 0.273120
vt 0.200562 0.271354
vt 0.201636 0.265527
vt 0.201434 0.261085
vt 0.204786 0.259850
vt 0.206270 0.262842
vt 0.204715 0.268525
vt 0.205632 0.273520
vt 0.205479 0.289893
vt 0.205586 0.300869
vt 0.206270 0.307232
vt 0.197090 0.266278
vt 0.179064 0.262675
vt 0.178085 0.268891
vt 0.169696 0.267265
vt 0.167191 0.277391
vt 0.173100 0.296481
vt 0.165978 0.298515
vt 0.166817 0.303905
vt 0.170867 0.310738
vt 0.166393 0.310561
vt 0.162538 0.310252
vt 0.161894 0.303542
vt 0.161363 0.298397
vt 0.162786 0.275556
vt 0.161308 0.264550
vt 0.163675 0.258619
vt 0.172361 0.303654
vt 0.268729 0.225351
vt 0.268034 0.218529
vt 0.277059 0.218132
vt 0.268083 0.202093
vt 0.276625 0.201927
vt 0.278249 0.180375
vt 0.275334 0.168300
vt 0.279665 0.163184
vt 0.276223 0.158109
vt 0.272001 0.154851
vt 0.274021 0.151710
vt 0.277596 0.152931
vt 0.281119 0.158298
vt 0.285078 0.183278
vt 0.286102 0.161401
vt 0.284598 0.204217
vt 0.286102 0.218072
vt 0.285613 0.224889
vt 0.272722 0.161686
vt 0.248617 0.159092
vt 0.250604 0.165161
vt 0.242057 0.167677
vt 0.239649 0.177305
vt 0.246504 0.193135
vt 0.237974 0.195017
vt 0.244411 0.211713
vt 0.243013 0.217936
vt 0.243857 0.223319
vt 0.240169 0.224234
vt 0.238372 0.220837
vt 0.239476 0.214392
vt 0.238600 0.209589
vt 0.229519 0.193630
vt 0.230001 0.179606
vt 0.232698 0.162511
vt 0.233209 0.168855
vt 0.248124 0.217767
vt 0.191398 0.231849
vt 0.193008 0.225368
vt 0.201908 0.227944
vt 0.196921 0.213426
vt 0.203430 0.182535
vt 0.196618 0.174803
vt 0.202919 0.172508
vt 0.202445 0.166375
vt 0.200384 0.161442
vt 0.203702 0.159707
vt 0.206211 0.162544
vt 0.206619 0.168969
vt 0.209431 0.174159
vt 0.210244 0.184128
vt 0.207463 0.213422
vt 0.210244 0.231666
vt 0.207245 0.237538
vt 0.197622 0.167753
vt 0.270739 0.181476
vt 0.247647 0.178211
vt 0.206748 0.197037
vt 0.192262 0.196931
vt 0.199607 0.195325
vt 0.196715 0.184657
vt 0.041395 0.842249
vt 0.016400 0.858490
vt 0.017595 0.838831
vt 0.042221 0.834614
vt 0.019423 0.829160
vt 0.312456 0.872437
vt 0.426367 0.859144
vt 0.426277 0.872182
vt 0.312579 0.845062
vt 0.426419 0.846145
vt 0.166022 0.844311
vt 0.103434 0.857952
vt 0.103709 0.843280
vt 0.042062 0.873344
vt 0.040937 0.857893
vt 0.426432 0.839656
vt 0.312636 0.838215
vt 0.166106 0.837415
vt 0.104164 0.836014
vt 0.471033 0.845934
vt 0.470707 0.839221
vt 0.104000 0.872523
vt 0.165938 0.871703
vt 0.165930 0.858011
vt 0.514981 0.838785
vt 0.312496 0.858747
vt 0.239300 0.844686
vt 0.239213 0.858379
vt 0.072185 0.857923
vt 0.073031 0.872934
vt 0.239371 0.837815
vt 0.072552 0.842765
vt 0.073192 0.835314
vt 0.239197 0.872070
vt 0.454414 0.296874
vt 0.449348 0.270070
vt 0.461006 0.273420
vt 0.369806 0.567974
vt 0.396798 0.513467
vt 0.382286 0.570853
vt 0.473375 0.252172
vt 0.475461 0.231335
vt 0.482709 0.234786
vt 0.043527 0.130171
vt 0.061006 0.118063
vt 0.060267 0.131386
vt 0.040181 0.102731
vt 0.069234 0.078472
vt 0.062614 0.102444
vt 0.041307 0.144173
vt 0.060852 0.144964
vt 0.066082 0.161851
vt 0.043366 0.117524
vt 0.028037 0.108471
vt 0.014880 0.152869
vt 0.035171 0.166708
vt 0.033114 0.118685
vt 0.012230 0.097368
vt 0.029546 0.078472
vt 0.029834 0.138650
vt 0.014206 0.124486
vt 0.033571 0.128348
vt 0.073839 0.131107
vt 0.075922 0.119715
vt 0.079502 0.107334
vt 0.086195 0.094609
vt 0.073737 0.141782
vt 0.389077 0.584226
vt 0.388444 0.571576
vt 0.385376 0.510655
vt 0.390611 0.450513
vt 0.400945 0.453335
vt 0.443925 0.224058
vt 0.455510 0.246426
vt 0.443248 0.244186
vt 0.402505 0.514506
vt 0.411309 0.456081
vt 0.416566 0.457436
vt 0.426270 0.399932
vt 0.446439 0.345216
vt 0.431503 0.401326
vt 0.415903 0.397168
vt 0.420471 0.338314
vt 0.430861 0.341001
vt 0.441231 0.343782
vt 0.443186 0.293714
vt 0.374356 0.507009
vt 0.358102 0.563505
vt 0.466641 0.275433
vt 0.467597 0.249966
vt 0.405541 0.394414
vt 0.459907 0.298694
vt 0.351563 0.573526
vt 0.365478 0.580167
vt 0.437554 0.267718
vt 0.431859 0.291250
vt 0.721131 0.771505
vt 0.698358 0.774382
vt 0.710956 0.740978
vt 0.651174 0.746066
vt 0.720180 0.791078
vt 0.686533 0.827790
vt 0.668980 0.824568
vt 0.657611 0.768951
vt 0.697523 0.834791
vt 0.676273 0.873181
vt 0.716962 0.854427
vt 0.718992 0.868927
vt 0.710797 0.842281
vt 0.644131 0.879114
vt 0.641957 0.864077
vt 0.648663 0.898825
vt 0.658946 0.907161
vt 0.719193 0.887080
vt 0.645905 0.847103
vt 0.709618 0.901693
vt 0.653950 0.832184
vt 0.692806 0.908909
vt 0.676649 0.910566
vt 0.675918 0.958702
vt 0.613770 0.933660
vt 0.636390 0.951362
vt 0.627007 0.974381
vt 0.679793 0.982649
vt 0.600296 0.959118
vt 0.583124 0.897428
vt 0.576765 0.859270
vt 0.602976 0.889317
vt 0.598085 0.856864
vt 0.586940 0.810299
vt 0.606692 0.819156
vt 0.609199 0.767689
vt 0.624458 0.786174
vt 0.711330 0.955115
vt 0.723675 0.976289
vt 0.749067 0.937899
vt 0.772645 0.950850
vt 0.769261 0.904559
vt 0.792996 0.902516
vt 0.768055 0.866397
vt 0.786001 0.863721
vt 0.780913 0.812843
vt 0.763656 0.832960
vt 0.749468 0.805847
vt 0.763741 0.781044
vt 0.842995 0.777860
vt 0.882104 0.780106
vt 0.854904 0.796956
vt 0.835949 0.824649
vt 0.818035 0.812584
vt 0.891571 0.824038
vt 0.876541 0.831654
vt 0.868496 0.846573
vt 0.826770 0.858609
vt 0.864548 0.863547
vt 0.805978 0.855891
vt 0.814814 0.889804
vt 0.833241 0.885821
vt 0.866722 0.878584
vt 0.871254 0.898295
vt 0.845475 0.923459
vt 0.831287 0.937309
vt 0.864516 0.944282
vt 0.881537 0.906631
vt 0.855148 0.965004
vt 0.897084 0.954219
vt 0.899240 0.910036
vt 0.895758 0.982802
vt 0.915398 0.908379
vt 0.928764 0.953843
vt 0.937340 0.983009
vt 0.932209 0.901163
vt 0.961522 0.928389
vt 0.977654 0.943373
vt 0.972168 0.899513
vt 0.941785 0.886550
vt 0.988890 0.906647
vt 0.988464 0.866145
vt 0.971822 0.866944
vt 0.941583 0.868397
vt 0.939553 0.853897
vt 0.970042 0.841681
vt 0.986822 0.834958
vt 0.933388 0.841751
vt 0.959788 0.816361
vt 0.974318 0.799738
vt 0.938342 0.799386
vt 0.920115 0.834261
vt 0.953673 0.777013
vt 0.909124 0.827260
vt 0.912615 0.780859
vt 0.914536 0.755321
vt 0.876893 0.755928
vt 0.898865 0.872651
vt 0.246591 0.061319
vt 0.249226 0.055527
vt 0.253052 0.061522
vt 0.253144 0.030852
vt 0.247395 0.024961
vt 0.252316 0.022921
vt 0.251593 0.018074
vt 0.251518 0.013126
vt 0.252214 0.012698
vt 0.253404 0.013861
vt 0.253510 0.019079
vt 0.253566 0.023156
vt 0.258638 0.031828
vt 0.257566 0.055334
vt 0.258638 0.064780
vt 0.250556 0.018446
vt 0.256398 0.042270
vt 0.244853 0.042796
vt 0.250633 0.041198
vt 0.247878 0.032822
vt 0.072144 0.059958
vt 0.074615 0.053714
vt 0.077910 0.059928
vt 0.207488 0.144192
vt 0.196719 0.138567
vt 0.205186 0.136895
vt 0.080789 0.023202
vt 0.080827 0.016837
vt 0.081733 0.016305
vt 0.083231 0.017833
vt 0.083228 0.024545
vt 0.077043 0.039006
vt 0.075148 0.031949
vt 0.081592 0.029494
vt 0.082404 0.053758
vt 0.083231 0.063054
vt 0.083209 0.029814
vt 0.079446 0.023652
vt 0.082228 0.040392
vt 0.071630 0.039970
vt 0.206600 0.097297
vt 0.206354 0.091044
vt 0.207149 0.090575
vt 0.209534 0.113342
vt 0.204281 0.109547
vt 0.208465 0.105365
vt 0.208418 0.091306
vt 0.208527 0.098054
vt 0.209969 0.105425
vt 0.213894 0.112557
vt 0.213894 0.145462
vt 0.211252 0.134750
vt 0.204432 0.098233
vt 0.205093 0.123505
vt 0.210359 0.122758
vt 0.198857 0.126447
vt 0.203759 0.116622
vt 0.224992 0.286056
vt 0.225769 0.278102
vt 0.231196 0.285654
vt 0.233020 0.251011
vt 0.232540 0.244941
vt 0.233479 0.244500
vt 0.235949 0.246391
vt 0.238191 0.252668
vt 0.228018 0.264895
vt 0.225671 0.258642
vt 0.234134 0.256790
vt 0.235474 0.277207
vt 0.238191 0.287877
vt 0.237474 0.257401
vt 0.230527 0.251280
vt 0.234615 0.265736
vt 0.222526 0.266034
vt 0.239332 0.133043
vt 0.241967 0.127252
vt 0.245793 0.133247
vt 0.245885 0.102576
vt 0.240136 0.096685
vt 0.245057 0.094645
vt 0.244335 0.089798
vt 0.244260 0.084851
vt 0.244956 0.084423
vt 0.246145 0.085586
vt 0.246251 0.090803
vt 0.246308 0.094880
vt 0.251380 0.103553
vt 0.250307 0.127058
vt 0.251380 0.136504
vt 0.243298 0.090170
vt 0.249139 0.113995
vt 0.237594 0.114520
vt 0.243375 0.112922
vt 0.240619 0.104546
vt 0.140700 0.059158
vt 0.143172 0.052913
vt 0.146467 0.059128
vt 0.170825 0.088176
vt 0.175529 0.079509
vt 0.177039 0.086945
vt 0.149346 0.022401
vt 0.149383 0.016037
vt 0.150290 0.015505
vt 0.151788 0.017033
vt 0.151784 0.023745
vt 0.145599 0.038206
vt 0.143704 0.031149
vt 0.150149 0.028694
vt 0.150961 0.052958
vt 0.151788 0.062254
vt 0.151766 0.029014
vt 0.148002 0.022851
vt 0.150785 0.039592
vt 0.140186 0.039170
vt 0.177823 0.040347
vt 0.180130 0.034561
vt 0.181062 0.034207
vt 0.178394 0.056694
vt 0.172737 0.052255
vt 0.177418 0.048548
vt 0.182003 0.035081
vt 0.179413 0.041358
vt 0.178917 0.048790
vt 0.183265 0.056394
vt 0.181715 0.077956
vt 0.183265 0.088846
vt 0.175506 0.040988
vt 0.174784 0.065896
vt 0.180264 0.065788
vt 0.169387 0.068110
vt 0.172382 0.059308
vt 0.162475 0.230720
vt 0.164328 0.222243
vt 0.168724 0.229708
vt 0.169427 0.194352
vt 0.167322 0.188411
vt 0.168124 0.187901
vt 0.170947 0.189645
vt 0.174689 0.195731
vt 0.167488 0.208831
vt 0.164126 0.202522
vt 0.171955 0.200050
vt 0.174050 0.220524
vt 0.175349 0.231499
vt 0.175349 0.200466
vt 0.167134 0.194751
vt 0.174084 0.209238
vt 0.162066 0.210287
vt 0.275910 0.129902
vt 0.277005 0.121194
vt 0.281942 0.128433
vt 0.282549 0.084883
vt 0.280249 0.079036
vt 0.281030 0.078501
vt 0.283902 0.080141
vt 0.287842 0.086076
vt 0.280376 0.103530
vt 0.277220 0.095303
vt 0.285158 0.091231
vt 0.286763 0.119042
vt 0.288580 0.129894
vt 0.288580 0.091397
vt 0.280279 0.085359
vt 0.286898 0.103948
vt 0.274674 0.106805
vt 0.380745 0.583867
vt 0.357259 0.214561
vt 0.603639 0.203463
vt 0.484885 0.218062
vt 0.923039 0.107116
vt 0.963894 0.187779
vt 0.094869 0.782925
vt 0.050505 0.296953
vt 0.197556 0.049045
vt 0.186846 0.129386
vt 0.181982 0.153685
vt 0.179064 0.278724
vt 0.250604 0.210909
vt 0.187233 0.212618
vt 0.018667 0.878530
vt 0.077833 0.151305
vt 0.460196 0.226342
vt 0.241658 0.055504
vt 0.066865 0.052457
vt 0.201485 0.146103
vt 0.217993 0.277103
vt 0.234400 0.127228
vt 0.135421 0.051657
vt 0.166976 0.080083
vt 0.156575 0.221048
vt 0.269081 0.120909
s 1
usemtl dandelion_01
f 4/1/4 1/2/1 2/3/2
f 6/4/6 3/5/3 4/1/4
f 6/4/6 7/6/7 5/7/5
f 9/8/9 8/9/8 7/6/7
f 11/10/11 10/11/10 9/8/9
f 12/12/12 9/8/9 6/4/6
f 13/13/13 16/14/16 10/11/10
f 15/15/15 16/14/16 14/16/14
f 16/14/16 19/17/19 18/18/18
f 10/11/10 18/18/18 8/9/8
f 17/19/17 20/20/20 19/17/19
f 21/21/21 22/22/22 20/20/20
f 24/23/24 23/24/23 22/22/22
f 28/25/28 24/23/24 26/26/26
f 26/26/26 21/21/21 27/27/27
f 27/27/27 17/19/17 15/15/15
f 29/28/29 6/4/6 4/1/4
f 30/29/30 4/1/4 2/3/2
f 69/30/69 34/31/34 42/32/42
f 64/33/64 43/34/43 66/35/66
f 36/36/36 44/37/44 43/34/43
f 59/38/59 40/39/40 45/40/45
f 59/38/59 39/41/39 60/42/60
f 35/43/35 44/37/44 37/44/37
f 66/35/66 35/43/35 65/45/65
f 69/30/69 33/46/33 68/47/68
f 52/48/52 50/49/50 49/50/49
f 56/51/56 51/52/51 48/53/48
f 53/54/53 50/49/50 54/55/54
f 55/56/55 51/52/51 57/57/57
f 38/58/38 54/55/54 44/37/44
f 37/44/37 54/55/54 52/48/52
f 50/49/50 55/56/55 57/57/57
f 49/50/49 57/57/57 56/51/56
f 63/59/63 60/42/60 61/60/61
f 63/59/63 58/61/58 59/38/59
f 51/52/51 62/62/62 63/59/63
f 51/52/51 61/60/61 48/53/48
f 42/32/42 65/45/65 33/46/33
f 34/31/34 66/35/66 42/32/42
f 41/63/41 68/47/68 31/64/31
f 41/63/41 67/65/67 69/30/69
f 73/66/73 70/67/70 71/68/71
f 75/69/75 72/70/72 73/66/73
f 77/71/77 74/72/74 75/69/75
f 79/73/79 76/74/76 77/71/77
f 81/75/81 78/76/78 79/73/79
f 83/77/83 80/78/80 81/75/81
f 83/77/83 84/79/84 82/80/82
f 86/81/86 85/82/85 84/79/84
f 89/83/89 86/81/86 83/77/83
f 88/84/88 87/85/87 86/81/86
f 91/86/91 87/85/87 90/87/90
f 92/88/92 93/89/93 91/86/91
f 93/89/93 96/90/96 95/91/95
f 93/89/93 85/82/85 87/85/87
f 94/92/94 97/93/97 96/90/96
f 99/94/99 94/92/94 92/88/92
f 100/95/100 83/77/83 81/75/81
f 100/95/100 79/73/79 101/96/101
f 102/97/102 79/73/79 77/71/77
f 103/98/103 77/71/77 75/69/75
f 104/99/104 75/69/75 73/66/73
f 105/100/105 73/66/73 71/68/71
f 149/101/149 108/102/108 148/103/148
f 110/104/110 109/105/109 108/102/108
f 150/106/150 110/104/110 149/101/149
f 112/107/112 111/108/111 110/104/110
f 114/109/114 116/110/116 111/108/111
f 115/111/115 119/112/119 116/110/116
f 117/113/117 120/114/120 119/112/119
f 119/112/119 123/115/123 116/110/116
f 120/114/120 121/116/121 119/112/119
f 116/110/116 109/105/109 111/108/111
f 125/117/125 122/118/122 120/114/120
f 125/117/125 126/119/126 124/120/124
f 128/121/128 127/122/127 126/119/126
f 130/123/130 125/117/125 131/124/131
f 130/123/130 129/125/129 128/121/128
f 133/126/133 129/125/129 132/127/132
f 134/128/134 135/129/135 133/126/133
f 129/125/129 137/130/137 127/122/127
f 135/129/135 138/131/138 137/130/137
f 136/132/136 139/133/139 138/131/138
f 140/134/140 141/135/141 139/133/139
f 143/136/143 142/137/142 141/135/141
f 145/138/145 140/134/140 146/139/146
f 147/140/147 143/136/143 145/138/145
f 146/139/146 136/132/136 134/128/134
f 118/141/118 125/117/125 120/114/120
f 113/142/113 149/101/149 107/143/107
f 107/143/107 148/103/148 106/144/106
f 194/145/194 153/102/153 193/146/193
f 155/104/155 154/105/154 153/102/153
f 195/147/195 155/104/155 194/145/194
f 157/107/157 156/108/156 155/104/155
f 159/109/159 161/110/161 156/108/156
f 160/111/160 164/112/164 161/110/161
f 162/113/162 165/114/165 164/112/164
f 164/112/164 168/115/168 161/110/161
f 165/114/165 166/116/166 164/112/164
f 156/108/156 168/115/168 154/105/154
f 165/114/165 169/120/169 167/118/167
f 173/121/173 169/120/169 170/117/170
f 173/121/173 172/122/172 171/119/171
f 176/124/176 173/121/173 170/117/170
f 177/127/177 173/121/173 175/123/175
f 178/126/178 174/125/174 177/127/177
f 179/128/179 180/129/180 178/126/178
f 180/129/180 172/122/172 174/125/174
f 181/132/181 182/130/182 180/129/180
f 185/134/185 183/131/183 181/132/181
f 185/134/185 186/135/186 184/133/184
f 188/136/188 187/137/187 186/135/186
f 190/138/190 185/134/185 191/139/191
f 192/140/192 188/136/188 190/138/190
f 191/139/191 181/132/181 179/128/179
f 163/141/163 170/117/170 165/114/165
f 158/142/158 194/145/194 152/143/152
f 194/145/194 151/144/151 152/143/152
f 239/101/239 198/102/198 238/103/238
f 200/104/200 199/105/199 198/102/198
f 240/106/240 200/104/200 239/101/239
f 202/107/202 201/108/201 200/104/200
f 204/109/204 206/110/206 201/108/201
f 205/111/205 209/112/209 206/110/206
f 207/113/207 210/114/210 209/112/209
f 209/112/209 213/115/213 206/110/206
f 210/114/210 211/116/211 209/112/209
f 201/108/201 213/115/213 199/105/199
f 215/117/215 212/118/212 210/114/210
f 215/117/215 216/119/216 214/120/214
f 218/121/218 217/122/217 216/119/216
f 221/124/221 218/121/218 215/117/215
f 220/123/220 219/125/219 218/121/218
f 223/126/223 219/125/219 222/127/222
f 224/128/224 225/129/225 223/126/223
f 219/125/219 227/130/227 217/122/217
f 225/129/225 228/131/228 227/130/227
f 226/132/226 229/133/229 228/131/228
f 230/134/230 231/135/231 229/133/229
f 233/136/233 232/137/232 231/135/231
f 235/138/235 230/134/230 236/139/236
f 237/140/237 233/136/233 235/138/235
f 236/139/236 226/132/226 224/128/224
f 208/141/208 215/117/215 210/114/210
f 203/142/203 239/101/239 197/143/197
f 197/143/197 238/103/238 196/144/196
f 241/148/241 245/149/245 242/150/242
f 243/151/243 246/152/246 245/149/245
f 245/149/245 248/153/248 247/154/247
f 242/150/242 247/154/247 249/155/249
f 251/156/251 248/153/248 246/152/246
f 253/3/253 250/157/250 251/156/251
f 255/1/255 252/2/252 253/3/253
f 257/4/257 254/5/254 255/1/255
f 257/4/257 258/6/258 256/7/256
f 260/8/260 259/9/259 258/6/258
f 262/10/262 261/11/261 260/8/260
f 263/12/263 260/8/260 257/4/257
f 264/13/264 267/14/267 261/11/261
f 266/15/266 267/14/267 265/16/265
f 267/14/267 270/17/270 269/18/269
f 261/11/261 269/18/269 259/9/259
f 268/19/268 271/20/271 270/17/270
f 272/21/272 273/22/273 271/20/271
f 275/23/275 274/24/274 273/22/273
f 279/25/279 275/23/275 277/26/277
f 277/26/277 272/21/272 278/27/278
f 278/27/278 268/19/268 266/15/266
f 280/28/280 257/4/257 255/1/255
f 281/29/281 255/1/255 253/3/253
f 282/158/282 253/3/253 251/156/251
f 244/159/244 251/156/251 246/152/246
f 286/4/286 310/160/310 312/161/312
f 286/4/286 287/6/287 285/7/285
f 289/8/289 288/9/288 287/6/287
f 291/10/291 290/11/290 289/8/289
f 291/10/291 286/4/286 292/12/292
f 294/16/294 290/11/290 293/13/293
f 295/15/295 296/14/296 294/16/294
f 296/14/296 299/17/299 298/18/298
f 290/11/290 298/18/298 288/9/288
f 297/19/297 300/20/300 299/17/299
f 301/21/301 302/22/302 300/20/300
f 304/23/304 303/24/303 302/22/302
f 308/25/308 304/23/304 306/26/306
f 306/26/306 301/21/301 307/27/307
f 307/27/307 297/19/297 295/15/295
f 311/162/311 286/4/286 312/161/312
f 311/162/311 284/1/284 309/28/309
f 284/1/284 310/160/310 283/5/283
f 316/66/316 349/163/349 351/164/351
f 318/69/318 315/70/315 316/66/316
f 320/71/320 317/72/317 318/69/318
f 322/73/322 319/74/319 320/71/320
f 324/75/324 321/76/321 322/73/322
f 324/75/324 325/80/325 323/78/323
f 329/81/329 325/80/325 326/77/326
f 329/81/329 328/82/328 327/79/327
f 332/83/332 329/81/329 326/77/326
f 331/84/331 330/85/330 329/81/329
f 334/86/334 330/85/330 333/87/333
f 335/88/335 336/89/336 334/86/334
f 336/89/336 339/90/339 338/91/338
f 330/85/330 338/91/338 328/82/328
f 337/92/337 340/93/340 339/90/339
f 342/94/342 337/92/337 335/88/335
f 343/95/343 326/77/326 324/75/324
f 344/96/344 324/75/324 322/73/322
f 345/97/345 322/73/322 320/71/320
f 346/98/346 320/71/320 318/69/318
f 347/99/347 318/69/318 316/66/316
f 350/165/350 316/66/316 351/164/351
f 350/165/350 314/68/314 348/100/348
f 351/164/351 313/67/313 314/68/314
f 352/151/352 355/152/355 354/149/354
f 354/149/354 357/153/357 356/154/356
f 359/156/359 357/153/357 355/152/355
f 361/3/361 358/157/358 359/156/359
f 363/1/363 360/2/360 361/3/361
f 365/4/365 362/5/362 363/1/363
f 365/4/365 366/6/366 364/7/364
f 368/8/368 367/9/367 366/6/366
f 370/10/370 369/11/369 368/8/368
f 371/12/371 368/8/368 365/4/365
f 372/13/372 375/14/375 369/11/369
f 374/15/374 375/14/375 373/16/373
f 375/14/375 378/17/378 377/18/377
f 369/11/369 377/18/377 367/9/367
f 376/19/376 379/20/379 378/17/378
f 380/21/380 381/22/381 379/20/379
f 383/23/383 382/24/382 381/22/381
f 387/25/387 383/23/383 385/26/385
f 385/26/385 380/21/380 386/27/386
f 386/27/386 376/19/376 374/15/374
f 388/28/388 365/4/365 363/1/363
f 389/29/389 363/1/363 361/3/361
f 390/158/390 361/3/361 359/156/359
f 353/159/353 359/156/359 355/152/355
f 434/101/434 393/102/393 433/103/433
f 396/108/396 393/102/393 395/104/395
f 435/106/435 395/104/395 434/101/434
f 397/107/397 396/108/396 395/104/395
f 399/109/399 401/110/401 396/108/396
f 400/111/400 404/112/404 401/110/401
f 402/113/402 405/114/405 404/112/404
f 404/112/404 408/115/408 401/110/401
f 405/114/405 406/116/406 404/112/404
f 401/110/401 394/105/394 396/108/396
f 410/117/410 407/118/407 405/114/405
f 413/121/413 409/120/409 410/117/410
f 413/121/413 412/122/412 411/119/411
f 415/123/415 410/117/410 416/124/416
f 415/123/415 414/125/414 413/121/413
f 418/126/418 414/125/414 417/127/417
f 419/128/419 420/129/420 418/126/418
f 414/125/414 422/130/422 412/122/412
f 420/129/420 423/131/423 422/130/422
f 425/134/425 423/131/423 421/132/421
f 425/134/425 426/135/426 424/133/424
f 428/136/428 427/137/427 426/135/426
f 430/138/430 425/134/425 431/139/431
f 432/140/432 428/136/428 430/138/430
f 431/139/431 421/132/421 419/128/419
f 416/124/416 405/114/405 403/141/403
f 398/142/398 434/101/434 392/143/392
f 392/143/392 433/103/433 391/144/391
f 439/66/439 436/67/436 437/68/437
f 441/69/441 438/70/438 439/66/439
f 443/71/443 440/72/440 441/69/441
f 445/73/445 442/74/442 443/71/443
f 447/75/447 444/76/444 445/73/445
f 447/75/447 448/80/448 446/78/446
f 452/81/452 448/80/448 449/77/449
f 452/81/452 451/82/451 450/79/450
f 455/83/455 452/81/452 449/77/449
f 454/84/454 453/85/453 452/81/452
f 457/86/457 453/85/453 456/87/456
f 458/88/458 459/89/459 457/86/457
f 459/89/459 462/90/462 461/91/461
f 453/85/453 461/91/461 451/82/451
f 460/92/460 463/93/463 462/90/462
f 465/94/465 460/92/460 458/88/458
f 466/95/466 449/77/449 447/75/447
f 467/96/467 447/75/447 445/73/445
f 468/97/468 445/73/445 443/71/443
f 469/98/469 443/71/443 441/69/441
f 470/99/470 441/69/441 439/66/439
f 471/100/471 439/66/439 437/68/437
f 472/148/472 476/149/476 473/150/473
f 474/151/474 477/152/477 476/149/476
f 476/149/476 479/153/479 478/154/478
f 473/150/473 478/154/478 480/155/480
f 482/156/482 479/153/479 477/152/477
f 484/3/484 481/157/481 482/156/482
f 486/1/486 483/2/483 484/3/484
f 488/4/488 485/5/485 486/1/486
f 488/4/488 489/6/489 487/7/487
f 491/8/491 490/9/490 489/6/489
f 493/10/493 492/11/492 491/8/491
f 494/12/494 491/8/491 488/4/488
f 495/13/495 498/14/498 492/11/492
f 497/15/497 498/14/498 496/16/496
f 498/14/498 501/17/501 500/18/500
f 492/11/492 500/18/500 490/9/490
f 499/19/499 502/20/502 501/17/501
f 503/21/503 504/22/504 502/20/502
f 506/23/506 505/24/505 504/22/504
f 510/25/510 506/23/506 508/26/508
f 508/26/508 503/21/503 509/27/509
f 509/27/509 499/19/499 497/15/497
f 511/28/511 488/4/488 486/1/486
f 512/29/512 486/1/486 484/3/484
f 513/158/513 484/3/484 482/156/482
f 475/159/475 482/156/482 477/152/477
f 522/166/522 1408/167/1408 1412/168/1412
f 520/169/520 1409/170/1409 1408/167/1408
f 519/171/519 1410/172/1410 1409/170/1409
f 1411/173/1411 525/174/525 524/175/524
f 1412/168/1412 523/176/523 522/166/522
f 1408/167/1408 521/177/521 520/169/520
f 1410/172/1410 525/174/525 1411/173/1411
f 524/178/524 1412/168/1412 1411/179/1411
f 525/174/525 532/180/532 524/175/524
f 531/181/531 522/166/522 523/176/523
f 529/182/529 520/169/520 521/177/521
f 534/183/534 525/174/525 526/184/526
f 532/185/532 523/176/523 524/178/524
f 530/186/530 521/177/521 522/166/522
f 520/169/520 527/187/527 519/171/519
f 527/187/527 526/184/526 519/171/519
f 528/188/528 535/189/535 527/187/527
f 527/187/527 542/190/542 534/183/534
f 533/191/533 540/192/540 532/180/532
f 531/181/531 538/193/538 530/186/530
f 529/182/529 536/194/536 528/188/528
f 534/183/534 541/195/541 533/191/533
f 532/185/532 539/196/539 531/181/531
f 530/186/530 537/197/537 529/182/529
f 518/198/518 517/199/517 515/200/515
f 543/201/543 514/202/514 517/203/517
f 516/204/516 697/205/697 699/206/699
f 540/207/540 544/208/544 552/209/552
f 544/208/544 553/210/553 552/209/552
f 553/210/553 548/211/548 554/212/554
f 558/213/558 550/214/550 555/215/555
f 558/213/558 551/216/551 557/217/557
f 553/210/553 549/218/549 547/219/547
f 552/209/552 547/219/547 545/220/545
f 541/221/541 552/209/552 545/220/545
f 554/212/554 557/217/557 549/218/549
f 554/212/554 556/222/556 558/213/558
f 539/223/539 559/224/559 567/225/567
f 559/224/559 568/226/568 567/225/567
f 676/227/676 569/228/569 678/229/678
f 573/230/573 565/231/565 570/232/570
f 573/230/573 566/233/566 572/234/572
f 678/229/678 564/235/564 677/236/677
f 560/237/560 568/226/568 562/238/562
f 540/239/540 567/225/567 560/237/560
f 569/228/569 572/234/572 564/235/564
f 569/228/569 571/240/571 573/230/573
f 538/241/538 574/242/574 582/243/582
f 582/243/582 576/244/576 583/245/583
f 583/245/583 578/246/578 584/247/584
f 588/248/588 580/249/580 585/250/585
f 588/248/588 581/251/581 587/252/587
f 577/253/577 584/247/584 579/254/579
f 582/243/582 577/253/577 575/255/575
f 539/256/539 582/243/582 575/255/575
f 584/247/584 587/252/587 579/254/579
f 584/247/584 586/257/586 588/248/588
f 537/258/537 591/259/591 599/260/599
f 599/260/599 593/261/593 600/262/600
f 600/262/600 595/263/595 601/264/601
f 605/265/605 597/266/597 602/267/602
f 605/265/605 598/268/598 604/269/604
f 600/262/600 596/270/596 594/271/594
f 599/260/599 594/271/594 592/272/592
f 538/273/538 599/260/599 592/272/592
f 601/264/601 604/269/604 596/270/596
f 601/264/601 603/274/603 605/265/605
f 536/275/536 606/276/606 614/277/614
f 606/276/606 615/278/615 614/277/614
f 615/278/615 610/279/610 616/280/616
f 620/281/620 612/282/612 617/283/617
f 620/281/620 613/284/613 619/285/619
f 615/278/615 611/286/611 609/287/609
f 614/277/614 609/287/609 607/288/607
f 537/289/537 614/277/614 607/288/607
f 616/280/616 619/285/619 611/286/611
f 616/280/616 618/290/618 620/281/620
f 535/291/535 621/292/621 629/293/629
f 629/293/629 623/294/623 630/295/630
f 666/296/666 625/297/625 631/298/631
f 635/299/635 627/300/627 632/301/632
f 635/299/635 628/302/628 634/303/634
f 665/304/665 631/298/631 626/305/626
f 629/293/629 624/306/624 622/307/622
f 536/308/536 629/293/629 622/307/622
f 631/298/631 634/303/634 626/305/626
f 631/298/631 633/309/633 635/299/635
f 542/310/542 589/311/589 642/312/642
f 669/313/669 636/314/636 643/315/643
f 636/314/636 644/316/644 643/315/643
f 648/317/648 640/318/640 645/319/645
f 648/317/648 641/320/641 647/321/647
f 643/315/643 639/322/639 637/323/637
f 667/324/667 643/315/643 637/323/637
f 535/325/535 642/312/642 590/326/590
f 644/316/644 647/321/647 639/322/639
f 644/316/644 646/327/646 648/317/648
f 541/328/541 649/329/649 657/330/657
f 649/329/649 658/331/658 657/330/657
f 674/332/674 653/333/653 659/334/659
f 663/335/663 655/336/655 660/337/660
f 663/335/663 656/338/656 662/339/662
f 674/332/674 654/340/654 673/341/673
f 657/330/657 652/342/652 650/343/650
f 542/344/542 657/330/657 650/343/650
f 659/334/659 662/339/662 654/340/654
f 659/334/659 661/345/661 663/335/663
f 630/295/630 665/304/665 624/306/624
f 630/295/630 664/346/664 666/296/666
f 590/326/590 669/313/669 667/324/667
f 642/312/642 668/347/668 669/313/669
f 658/331/658 671/348/671 652/342/652
f 658/331/658 670/349/670 672/350/672
f 671/348/671 674/332/674 673/341/673
f 672/350/672 675/351/675 674/332/674
f 562/238/562 678/229/678 677/236/677
f 568/226/568 676/227/676 678/229/678
f 689/352/689 679/353/679 680/354/680
f 688/355/688 680/354/680 681/356/681
f 682/357/682 694/358/694 692/359/692
f 694/358/694 684/360/684 693/361/693
f 685/362/685 704/363/704 703/364/703
f 699/206/699 692/359/692 694/358/694
f 688/365/688 679/353/679 690/366/690
f 692/367/692 684/360/684 682/368/682
f 682/368/682 685/362/685 683/369/683
f 690/366/690 703/364/703 704/363/704
f 703/364/703 688/355/688 702/370/702
f 699/206/699 693/361/693 698/371/698
f 697/372/697 693/361/693 692/367/692
f 702/373/702 690/366/690 704/363/704
f 516/204/516 698/371/698 518/198/518
f 683/374/683 704/363/704 687/375/687
f 543/376/543 698/371/698 697/372/697
f 682/357/682 687/375/687 686/377/686
f 685/362/685 702/370/702 683/369/683
f 684/360/684 687/375/687 685/362/685
f 713/166/713 701/167/701 691/168/691
f 711/169/711 700/170/700 701/167/701
f 710/171/710 696/172/696 700/170/700
f 695/173/695 716/174/716 715/175/715
f 691/168/691 714/176/714 713/166/713
f 701/167/701 712/177/712 711/169/711
f 696/172/696 716/174/716 695/173/695
f 715/178/715 691/168/691 695/179/695
f 716/174/716 723/180/723 715/175/715
f 722/181/722 713/166/713 714/176/714
f 720/182/720 711/169/711 712/177/712
f 725/183/725 716/174/716 717/184/717
f 715/178/715 722/181/722 714/176/714
f 721/186/721 712/177/712 713/166/713
f 711/169/711 718/187/718 710/171/710
f 710/171/710 725/183/725 717/184/717
f 719/188/719 726/189/726 718/187/718
f 718/187/718 733/190/733 725/183/725
f 724/191/724 731/192/731 723/180/723
f 722/181/722 729/193/729 721/186/721
f 720/182/720 727/194/727 719/188/719
f 725/183/725 732/195/732 724/191/724
f 723/185/723 730/196/730 722/181/722
f 721/186/721 728/197/728 720/182/720
f 706/200/706 734/376/734 708/199/708
f 708/203/708 707/204/707 705/202/705
f 707/204/707 885/205/885 887/206/887
f 731/207/731 735/208/735 743/209/743
f 735/208/735 744/210/744 743/209/743
f 744/210/744 739/211/739 745/212/745
f 749/213/749 741/214/741 746/215/746
f 749/213/749 742/216/742 748/217/748
f 744/210/744 740/218/740 738/219/738
f 743/209/743 738/219/738 736/220/736
f 732/221/732 743/209/743 736/220/736
f 745/212/745 748/217/748 740/218/740
f 745/212/745 747/222/747 749/213/749
f 730/223/730 750/224/750 758/225/758
f 750/224/750 759/226/759 758/225/758
f 867/227/867 760/228/760 869/229/869
f 764/230/764 756/231/756 761/232/761
f 764/230/764 757/233/757 763/234/763
f 869/229/869 755/235/755 868/236/868
f 751/237/751 759/226/759 753/238/753
f 731/239/731 758/225/758 751/237/751
f 760/228/760 763/234/763 755/235/755
f 760/228/760 762/240/762 764/230/764
f 729/241/729 765/242/765 773/243/773
f 773/243/773 767/244/767 774/245/774
f 774/245/774 769/246/769 775/247/775
f 779/248/779 771/249/771 776/250/776
f 779/248/779 772/251/772 778/252/778
f 768/253/768 775/247/775 770/254/770
f 773/243/773 768/253/768 766/255/766
f 730/256/730 773/243/773 766/255/766
f 775/247/775 778/252/778 770/254/770
f 775/247/775 777/257/777 779/248/779
f 728/258/728 782/259/782 790/260/790
f 790/260/790 784/261/784 791/262/791
f 791/262/791 786/263/786 792/264/792
f 796/265/796 788/266/788 793/267/793
f 796/265/796 789/268/789 795/269/795
f 791/262/791 787/270/787 785/271/785
f 790/260/790 785/271/785 783/272/783
f 729/273/729 790/260/790 783/272/783
f 792/264/792 795/269/795 787/270/787
f 792/264/792 794/274/794 796/265/796
f 727/275/727 797/276/797 805/277/805
f 797/276/797 806/278/806 805/277/805
f 806/278/806 801/279/801 807/280/807
f 811/281/811 803/282/803 808/283/808
f 811/281/811 804/284/804 810/285/810
f 806/278/806 802/286/802 800/287/800
f 805/277/805 800/287/800 798/288/798
f 728/289/728 805/277/805 798/288/798
f 807/280/807 810/285/810 802/286/802
f 807/280/807 809/290/809 811/281/811
f 726/291/726 812/292/812 820/293/820
f 820/293/820 814/294/814 821/295/821
f 857/296/857 816/297/816 822/298/822
f 826/299/826 818/300/818 823/301/823
f 826/299/826 819/302/819 825/303/825
f 856/304/856 822/298/822 817/305/817
f 820/293/820 815/306/815 813/307/813
f 727/308/727 820/293/820 813/307/813
f 822/298/822 825/303/825 817/305/817
f 822/298/822 824/309/824 826/299/826
f 733/310/733 780/311/780 833/312/833
f 860/313/860 827/314/827 834/315/834
f 827/314/827 835/316/835 834/315/834
f 839/317/839 831/318/831 836/319/836
f 839/317/839 832/320/832 838/321/838
f 834/315/834 830/322/830 828/323/828
f 858/324/858 834/315/834 828/323/828
f 726/325/726 833/312/833 781/326/781
f 835/316/835 838/321/838 830/322/830
f 835/316/835 837/327/837 839/317/839
f 732/328/732 840/329/840 848/330/848
f 840/329/840 849/331/849 848/330/848
f 865/332/865 844/333/844 850/334/850
f 854/335/854 846/336/846 851/337/851
f 854/335/854 847/338/847 853/339/853
f 865/332/865 845/340/845 864/341/864
f 848/330/848 843/342/843 841/343/841
f 733/344/733 848/330/848 841/343/841
f 850/334/850 853/339/853 845/340/845
f 850/334/850 852/345/852 854/335/854
f 821/295/821 856/304/856 815/306/815
f 821/295/821 855/346/855 857/296/857
f 781/326/781 860/313/860 858/324/858
f 833/312/833 859/347/859 860/313/860
f 849/331/849 862/348/862 843/342/843
f 849/331/849 861/349/861 863/350/863
f 862/348/862 865/332/865 864/341/864
f 863/350/863 866/351/866 865/332/865
f 753/238/753 869/229/869 868/236/868
f 759/226/759 867/227/867 869/229/869
f 880/352/880 870/353/870 871/354/871
f 880/352/880 872/356/872 879/355/879
f 882/359/882 877/377/877 884/358/884
f 877/377/877 883/361/883 884/358/884
f 878/375/878 889/378/889 890/379/890
f 887/206/887 882/359/882 884/358/884
f 879/365/879 893/380/893 891/381/891
f 883/361/883 873/368/873 882/367/882
f 889/378/889 874/369/874 888/382/888
f 881/366/881 892/383/892 893/380/893
f 892/383/892 879/355/879 891/384/891
f 887/206/887 883/361/883 886/371/886
f 886/371/886 882/367/882 885/372/885
f 891/381/891 878/375/878 874/374/874
f 707/204/707 886/371/886 709/198/709
f 873/357/873 890/379/890 877/377/877
f 734/376/734 886/371/886 885/372/885
f 876/362/876 891/384/891 874/369/874
f 888/385/888 878/375/878 890/379/890
f 893/380/893 876/362/876 878/375/878
f 875/360/875 890/379/890 889/378/889
f 875/360/875 888/382/888 873/368/873
f 879/365/879 870/353/870 881/366/881
f 928/386/928 937/387/937 939/388/939
f 916/389/916 934/390/934 917/391/917
f 926/392/926 898/393/898 899/394/899
f 906/395/906 900/396/900 901/397/901
f 909/398/909 903/399/903 904/400/904
f 907/401/907 901/397/901 902/402/902
f 900/396/900 909/398/909 904/400/904
f 903/403/903 907/401/907 902/402/902
f 905/404/905 914/405/914 909/398/909
f 913/406/913 907/401/907 908/407/908
f 906/395/906 910/408/910 905/404/905
f 909/398/909 913/409/913 908/410/908
f 912/411/912 906/395/906 907/401/907
f 914/405/914 915/412/915 913/409/913
f 912/411/912 915/412/915 911/413/911
f 910/408/910 915/412/915 914/405/914
f 913/406/913 915/412/915 912/411/912
f 911/413/911 915/412/915 910/408/910
f 1414/414/1414 902/402/902 901/397/901
f 1416/415/1416 901/397/901 900/396/900
f 1417/416/1417 900/396/900 904/400/904
f 1415/417/1415 904/400/904 903/399/903
f 1413/418/1413 903/403/903 902/402/902
f 896/419/896 917/391/917 918/420/918
f 935/421/935 921/422/921 919/423/919
f 899/424/899 925/425/925 926/426/926
f 936/427/936 924/428/924 921/429/921
f 933/430/933 922/431/922 932/432/932
f 931/433/931 922/434/922 920/435/920
f 923/436/923 929/437/929 928/386/928
f 936/438/936 916/389/916 918/439/918
f 935/421/935 924/428/924 934/390/934
f 939/388/939 926/392/926 938/440/938
f 925/425/925 898/393/898 927/441/927
f 924/428/924 931/433/931 933/430/933
f 932/442/932 919/423/919 921/422/921
f 923/436/923 930/443/930 922/431/922
f 937/387/937 926/426/926 925/425/925
f 920/435/920 933/430/933 931/433/931
f 924/428/924 932/432/932 921/429/921
f 896/444/896 916/389/916 894/445/894
f 929/437/929 938/446/938 937/387/937
f 917/391/917 936/427/936 918/420/918
f 930/447/930 920/435/920 922/434/922
f 937/387/937 927/441/927 939/388/939
f 928/386/928 938/440/938 930/443/930
f 941/448/941 943/449/943 940/450/940
f 943/449/943 942/451/942 940/450/940
f 944/452/944 946/453/946 943/449/943
f 943/449/943 948/454/948 945/455/945
f 946/453/946 947/456/947 949/457/949
f 946/453/946 949/457/949 948/454/948
f 950/458/950 954/459/954 949/457/949
f 951/460/951 950/458/950 949/457/949
f 947/456/947 951/460/951 949/457/949
f 952/461/952 955/462/955 949/457/949
f 953/463/953 952/461/952 949/457/949
f 962/464/962 953/463/953 949/457/949
f 954/459/954 956/465/956 949/457/949
f 955/462/955 957/466/957 949/457/949
f 956/465/956 958/467/958 949/457/949
f 957/466/957 959/468/959 949/457/949
f 958/467/958 960/469/960 949/457/949
f 959/468/959 948/454/948 949/457/949
f 960/469/960 961/470/961 949/457/949
f 961/470/961 962/464/962 949/457/949
f 964/471/964 962/464/962 961/470/961
f 965/472/965 962/464/962 963/473/963
f 966/474/966 964/471/964 967/475/967
f 968/476/968 963/473/963 966/474/966
f 969/477/969 965/472/965 968/476/968
f 970/478/970 971/479/971 969/477/969
f 971/479/971 953/463/953 965/472/965
f 971/479/971 955/462/955 952/461/952
f 972/480/972 957/466/957 955/462/955
f 975/481/975 972/480/972 970/478/970
f 973/482/973 959/468/959 957/466/957
f 976/483/976 973/482/973 975/481/975
f 942/451/942 974/484/974 976/483/976
f 974/484/974 948/454/948 959/468/959
f 967/475/967 979/485/979 977/486/977
f 977/486/977 980/487/980 978/488/978
f 979/485/979 958/467/958 980/487/980
f 964/471/964 960/469/960 979/485/979
f 980/487/980 956/465/956 981/489/981
f 978/488/978 981/489/981 983/490/983
f 982/491/982 956/465/956 954/459/954
f 983/490/983 982/491/982 984/492/984
f 985/493/985 982/491/982 987/494/987
f 985/493/985 988/495/988 986/496/986
f 987/494/987 951/460/951 988/495/988
f 987/494/987 954/459/954 950/458/950
f 944/452/944 951/460/951 947/456/947
f 986/496/986 944/452/944 941/448/941
f 990/448/990 992/449/992 989/450/989
f 992/449/992 991/451/991 989/450/989
f 993/452/993 995/453/995 992/449/992
f 992/449/992 997/454/997 994/455/994
f 995/453/995 996/456/996 998/457/998
f 995/453/995 998/457/998 997/454/997
f 999/458/999 1003/459/1003 998/457/998
f 1000/460/1000 999/458/999 998/457/998
f 996/456/996 1000/460/1000 998/457/998
f 1001/461/1001 1004/462/1004 998/457/998
f 1002/463/1002 1001/461/1001 998/457/998
f 1011/464/1011 1002/463/1002 998/457/998
f 1003/459/1003 1005/465/1005 998/457/998
f 1004/462/1004 1006/466/1006 998/457/998
f 1005/465/1005 1007/467/1007 998/457/998
f 1006/466/1006 1008/468/1008 998/457/998
f 1007/467/1007 1009/469/1009 998/457/998
f 1008/468/1008 997/454/997 998/457/998
f 1009/469/1009 1010/470/1010 998/457/998
f 1010/470/1010 1011/464/1011 998/457/998
f 1013/471/1013 1011/464/1011 1010/470/1010
f 1014/472/1014 1011/464/1011 1012/473/1012
f 1015/474/1015 1013/471/1013 1016/475/1016
f 1017/476/1017 1012/473/1012 1015/474/1015
f 1018/477/1018 1014/472/1014 1017/476/1017
f 1019/478/1019 1020/479/1020 1018/477/1018
f 1020/479/1020 1002/463/1002 1014/472/1014
f 1020/479/1020 1004/462/1004 1001/461/1001
f 1021/480/1021 1006/466/1006 1004/462/1004
f 1024/481/1024 1021/480/1021 1019/478/1019
f 1022/482/1022 1008/468/1008 1006/466/1006
f 1025/483/1025 1022/482/1022 1024/481/1024
f 991/451/991 1023/484/1023 1025/483/1025
f 1023/484/1023 997/454/997 1008/468/1008
f 1016/475/1016 1028/485/1028 1026/486/1026
f 1026/486/1026 1029/487/1029 1027/488/1027
f 1028/485/1028 1007/467/1007 1029/487/1029
f 1013/471/1013 1009/469/1009 1028/485/1028
f 1029/487/1029 1005/465/1005 1030/489/1030
f 1027/488/1027 1030/489/1030 1032/490/1032
f 1031/491/1031 1005/465/1005 1003/459/1003
f 1032/490/1032 1031/491/1031 1033/492/1033
f 1034/493/1034 1031/491/1031 1036/494/1036
f 1034/493/1034 1037/495/1037 1035/496/1035
f 1036/494/1036 1000/460/1000 1037/495/1037
f 1036/494/1036 1003/459/1003 999/458/999
f 993/452/993 1000/460/1000 996/456/996
f 1035/496/1035 993/452/993 990/448/990
f 1038/497/1038 1043/498/1043 1041/499/1041
f 1038/497/1038 1044/500/1044 1040/501/1040
f 1041/499/1041 1085/502/1085 1042/503/1042
f 1044/500/1044 1042/503/1042 1045/504/1045
f 1046/505/1046 1045/504/1045 1048/506/1048
f 1040/501/1040 1046/505/1046 1047/507/1047
f 1051/508/1051 1046/505/1046 1049/509/1049
f 1049/509/1049 1048/506/1048 1050/510/1050
f 1049/509/1049 1053/511/1053 1052/512/1052
f 1051/508/1051 1052/512/1052 1054/513/1054
f 1055/514/1055 1053/511/1053 1056/515/1056
f 1057/516/1057 1052/512/1052 1055/514/1055
f 1058/517/1058 1056/515/1056 1059/518/1059
f 1060/519/1060 1055/514/1055 1058/517/1058
f 1058/517/1058 1062/520/1062 1061/521/1061
f 1060/519/1060 1061/521/1061 1063/522/1063
f 1061/521/1061 1065/523/1065 1064/524/1064
f 1063/522/1063 1064/524/1064 1066/525/1066
f 1067/526/1067 1065/523/1065 1069/527/1069
f 1068/528/1068 1064/524/1064 1067/526/1067
f 1072/529/1072 1067/526/1067 1070/530/1070
f 1070/530/1070 1069/527/1069 1071/531/1071
f 1070/530/1070 1074/532/1074 1073/533/1073
f 1072/529/1072 1073/533/1073 1075/534/1075
f 1073/533/1073 1077/535/1077 1076/536/1076
f 1078/537/1078 1073/533/1073 1076/536/1076
f 1079/538/1079 1077/535/1077 1080/539/1080
f 1081/540/1081 1076/536/1076 1079/538/1079
f 1079/538/1079 1084/541/1084 1082/542/1082
f 1081/540/1081 1082/542/1082 1083/543/1083
f 1083/543/1083 1043/498/1043 1039/544/1039
f 1082/542/1082 1085/502/1085 1043/498/1043
f 1084/541/1084 1080/539/1080 1086/545/1086
f 1084/541/1084 1086/545/1086 1085/502/1085
f 1074/532/1074 1071/531/1071 1086/545/1086
f 1077/535/1077 1074/532/1074 1086/545/1086
f 1080/539/1080 1077/535/1077 1086/545/1086
f 1050/510/1050 1048/506/1048 1086/545/1086
f 1053/511/1053 1050/510/1050 1086/545/1086
f 1056/515/1056 1053/511/1053 1086/545/1086
f 1071/531/1071 1069/527/1069 1086/545/1086
f 1048/506/1048 1045/504/1045 1086/545/1086
f 1069/527/1069 1065/523/1065 1086/545/1086
f 1045/504/1045 1042/503/1042 1086/545/1086
f 1065/523/1065 1062/520/1062 1086/545/1086
f 1042/503/1042 1085/502/1085 1086/545/1086
f 1062/520/1062 1059/518/1059 1086/545/1086
f 1059/518/1059 1056/515/1056 1086/545/1086
f 1087/497/1087 1092/498/1092 1090/499/1090
f 1087/497/1087 1093/500/1093 1089/501/1089
f 1090/499/1090 1134/502/1134 1091/503/1091
f 1093/500/1093 1091/503/1091 1094/504/1094
f 1095/505/1095 1094/504/1094 1097/506/1097
f 1089/501/1089 1095/505/1095 1096/507/1096
f 1100/508/1100 1095/505/1095 1098/509/1098
f 1098/509/1098 1097/506/1097 1099/510/1099
f 1098/509/1098 1102/511/1102 1101/512/1101
f 1103/513/1103 1098/509/1098 1101/512/1101
f 1104/514/1104 1102/511/1102 1105/515/1105
f 1106/516/1106 1101/512/1101 1104/514/1104
f 1107/517/1107 1105/515/1105 1108/518/1108
f 1109/519/1109 1104/514/1104 1107/517/1107
f 1107/517/1107 1111/520/1111 1110/521/1110
f 1109/519/1109 1110/521/1110 1112/522/1112
f 1110/521/1110 1114/523/1114 1113/524/1113
f 1112/522/1112 1113/524/1113 1115/525/1115
f 1113/524/1113 1118/527/1118 1116/526/1116
f 1117/528/1117 1113/524/1113 1116/526/1116
f 1121/529/1121 1116/526/1116 1119/530/1119
f 1119/530/1119 1118/527/1118 1120/531/1120
f 1122/533/1122 1120/531/1120 1123/532/1123
f 1124/534/1124 1119/530/1119 1122/533/1122
f 1125/536/1125 1123/532/1123 1126/535/1126
f 1127/537/1127 1122/533/1122 1125/536/1125
f 1128/538/1128 1126/535/1126 1129/539/1129
f 1130/540/1130 1125/536/1125 1128/538/1128
f 1128/538/1128 1133/541/1133 1131/542/1131
f 1130/540/1130 1131/542/1131 1132/543/1132
f 1132/543/1132 1092/498/1092 1088/544/1088
f 1131/542/1131 1134/502/1134 1092/498/1092
f 1133/541/1133 1129/539/1129 1135/545/1135
f 1133/541/1133 1135/545/1135 1134/502/1134
f 1123/532/1123 1120/531/1120 1135/545/1135
f 1126/535/1126 1123/532/1123 1135/545/1135
f 1129/539/1129 1126/535/1126 1135/545/1135
f 1099/510/1099 1097/506/1097 1135/545/1135
f 1102/511/1102 1099/510/1099 1135/545/1135
f 1105/515/1105 1102/511/1102 1135/545/1135
f 1120/531/1120 1118/527/1118 1135/545/1135
f 1097/506/1097 1094/504/1094 1135/545/1135
f 1118/527/1118 1114/523/1114 1135/545/1135
f 1094/504/1094 1091/503/1091 1135/545/1135
f 1114/523/1114 1111/520/1111 1135/545/1135
f 1091/503/1091 1134/502/1134 1135/545/1135
f 1111/520/1111 1108/518/1108 1135/545/1135
f 1108/518/1108 1105/515/1105 1135/545/1135
f 1136/497/1136 1141/498/1141 1139/499/1139
f 1136/497/1136 1142/500/1142 1138/501/1138
f 1139/499/1139 1183/502/1183 1140/503/1140
f 1142/500/1142 1140/503/1140 1143/504/1143
f 1144/505/1144 1143/504/1143 1146/506/1146
f 1138/501/1138 1144/505/1144 1145/507/1145
f 1149/508/1149 1144/505/1144 1147/509/1147
f 1147/509/1147 1146/506/1146 1148/510/1148
f 1147/509/1147 1151/511/1151 1150/512/1150
f 1149/508/1149 1150/512/1150 1152/513/1152
f 1153/514/1153 1151/511/1151 1154/515/1154
f 1155/516/1155 1150/512/1150 1153/514/1153
f 1156/517/1156 1154/515/1154 1157/518/1157
f 1158/519/1158 1153/514/1153 1156/517/1156
f 1156/517/1156 1160/520/1160 1159/521/1159
f 1158/519/1158 1159/521/1159 1161/522/1161
f 1159/521/1159 1163/523/1163 1162/524/1162
f 1161/522/1161 1162/524/1162 1164/525/1164
f 1165/526/1165 1163/523/1163 1167/527/1167
f 1166/528/1166 1162/524/1162 1165/526/1165
f 1170/529/1170 1165/526/1165 1168/530/1168
f 1168/530/1168 1167/527/1167 1169/531/1169
f 1168/530/1168 1172/532/1172 1171/533/1171
f 1170/529/1170 1171/533/1171 1173/534/1173
f 1171/533/1171 1175/535/1175 1174/536/1174
f 1176/537/1176 1171/533/1171 1174/536/1174
f 1177/538/1177 1175/535/1175 1178/539/1178
f 1179/540/1179 1174/536/1174 1177/538/1177
f 1177/538/1177 1182/541/1182 1180/542/1180
f 1179/540/1179 1180/542/1180 1181/543/1181
f 1181/543/1181 1141/498/1141 1137/544/1137
f 1180/542/1180 1183/502/1183 1141/498/1141
f 1182/541/1182 1178/539/1178 1184/545/1184
f 1182/541/1182 1184/545/1184 1183/502/1183
f 1172/532/1172 1169/531/1169 1184/545/1184
f 1175/535/1175 1172/532/1172 1184/545/1184
f 1178/539/1178 1175/535/1175 1184/545/1184
f 1148/510/1148 1146/506/1146 1184/545/1184
f 1151/511/1151 1148/510/1148 1184/545/1184
f 1154/515/1154 1151/511/1151 1184/545/1184
f 1169/531/1169 1167/527/1167 1184/545/1184
f 1146/506/1146 1143/504/1143 1184/545/1184
f 1167/527/1167 1163/523/1163 1184/545/1184
f 1143/504/1143 1140/503/1140 1184/545/1184
f 1163/523/1163 1160/520/1160 1184/545/1184
f 1140/503/1140 1183/502/1183 1184/545/1184
f 1160/520/1160 1157/518/1157 1184/545/1184
f 1157/518/1157 1154/515/1154 1184/545/1184
f 1185/497/1185 1190/498/1190 1188/499/1188
f 1185/497/1185 1191/500/1191 1187/501/1187
f 1188/499/1188 1232/502/1232 1189/503/1189
f 1191/500/1191 1189/503/1189 1192/504/1192
f 1193/505/1193 1192/504/1192 1195/506/1195
f 1187/501/1187 1193/505/1193 1194/507/1194
f 1198/508/1198 1193/505/1193 1196/509/1196
f 1196/509/1196 1195/506/1195 1197/510/1197
f 1196/509/1196 1200/511/1200 1199/512/1199
f 1201/513/1201 1196/509/1196 1199/512/1199
f 1202/514/1202 1200/511/1200 1203/515/1203
f 1204/516/1204 1199/512/1199 1202/514/1202
f 1205/517/1205 1203/515/1203 1206/518/1206
f 1207/519/1207 1202/514/1202 1205/517/1205
f 1205/517/1205 1209/520/1209 1208/521/1208
f 1207/519/1207 1208/521/1208 1210/522/1210
f 1208/521/1208 1212/523/1212 1211/524/1211
f 1210/522/1210 1211/524/1211 1213/525/1213
f 1211/524/1211 1216/527/1216 1214/526/1214
f 1215/528/1215 1211/524/1211 1214/526/1214
f 1219/529/1219 1214/526/1214 1217/530/1217
f 1217/530/1217 1216/527/1216 1218/531/1218
f 1220/533/1220 1218/531/1218 1221/532/1221
f 1222/534/1222 1217/530/1217 1220/533/1220
f 1223/536/1223 1221/532/1221 1224/535/1224
f 1225/537/1225 1220/533/1220 1223/536/1223
f 1226/538/1226 1224/535/1224 1227/539/1227
f 1228/540/1228 1223/536/1223 1226/538/1226
f 1226/538/1226 1231/541/1231 1229/542/1229
f 1228/540/1228 1229/542/1229 1230/543/1230
f 1230/543/1230 1190/498/1190 1186/544/1186
f 1229/542/1229 1232/502/1232 1190/498/1190
f 1231/541/1231 1227/539/1227 1233/545/1233
f 1231/541/1231 1233/545/1233 1232/502/1232
f 1221/532/1221 1218/531/1218 1233/545/1233
f 1224/535/1224 1221/532/1221 1233/545/1233
f 1227/539/1227 1224/535/1224 1233/545/1233
f 1197/510/1197 1195/506/1195 1233/545/1233
f 1200/511/1200 1197/510/1197 1233/545/1233
f 1203/515/1203 1200/511/1200 1233/545/1233
f 1218/531/1218 1216/527/1216 1233/545/1233
f 1195/506/1195 1192/504/1192 1233/545/1233
f 1216/527/1216 1212/523/1212 1233/545/1233
f 1192/504/1192 1189/503/1189 1233/545/1233
f 1212/523/1212 1209/520/1209 1233/545/1233
f 1189/503/1189 1232/502/1232 1233/545/1233
f 1209/520/1209 1206/518/1206 1233/545/1233
f 1206/518/1206 1203/515/1203 1233/545/1233
f 1234/546/1234 1243/547/1243 1242/548/1242
f 1253/549/1253 1238/550/1238 1244/551/1244
f 1248/552/1248 1240/553/1240 1245/554/1245
f 1248/552/1248 1241/555/1241 1247/556/1247
f 1253/549/1253 1239/557/1239 1252/558/1252
f 1242/548/1242 1237/559/1237 1235/560/1235
f 1244/551/1244 1247/556/1247 1239/557/1239
f 1244/551/1244 1246/561/1246 1248/552/1248
f 1243/547/1243 1250/562/1250 1237/559/1237
f 1243/547/1243 1249/563/1249 1251/564/1251
f 1250/562/1250 1253/549/1253 1252/558/1252
f 1251/564/1251 1254/565/1254 1253/549/1253
f 1255/566/1255 1264/567/1264 1263/568/1263
f 1281/569/1281 1273/570/1273 1282/571/1282
f 1269/572/1269 1261/573/1261 1266/574/1266
f 1269/572/1269 1262/575/1262 1268/576/1268
f 1272/577/1272 1259/578/1259 1265/579/1265
f 1263/568/1263 1258/580/1258 1256/581/1256
f 1265/579/1265 1268/576/1268 1260/582/1260
f 1265/579/1265 1267/583/1267 1269/572/1269
f 1264/567/1264 1271/584/1271 1258/580/1258
f 1264/567/1264 1270/585/1270 1272/577/1272
f 1287/586/1287 1279/587/1279 1284/588/1284
f 1292/589/1292 1277/590/1277 1283/591/1283
f 1271/584/1271 1265/579/1265 1260/582/1260
f 1287/586/1287 1280/592/1280 1286/593/1286
f 1292/589/1292 1278/594/1278 1291/595/1291
f 1274/596/1274 1282/571/1282 1276/597/1276
f 1283/591/1283 1286/593/1286 1278/594/1278
f 1283/591/1283 1285/598/1285 1287/586/1287
f 1276/597/1276 1290/599/1290 1289/600/1289
f 1282/571/1282 1288/601/1288 1290/599/1290
f 1289/600/1289 1292/589/1292 1291/595/1291
f 1290/599/1290 1293/602/1293 1292/589/1292
f 1294/603/1294 1303/604/1303 1302/605/1302
f 1308/606/1308 1300/607/1300 1305/608/1305
f 1308/606/1308 1301/609/1301 1307/610/1307
f 1311/611/1311 1298/612/1298 1304/613/1304
f 1302/605/1302 1297/614/1297 1295/615/1295
f 1304/613/1304 1307/610/1307 1299/616/1299
f 1304/613/1304 1306/617/1306 1308/606/1308
f 1303/604/1303 1310/618/1310 1297/614/1297
f 1303/604/1303 1309/619/1309 1311/611/1311
f 1310/618/1310 1304/613/1304 1299/616/1299
f 1312/620/1312 1321/621/1321 1320/622/1320
f 1331/623/1331 1316/624/1316 1322/625/1322
f 1326/626/1326 1318/627/1318 1323/628/1323
f 1326/626/1326 1319/629/1319 1325/630/1325
f 1331/623/1331 1317/631/1317 1330/632/1330
f 1320/622/1320 1315/633/1315 1313/634/1313
f 1322/625/1322 1325/630/1325 1317/631/1317
f 1322/625/1322 1324/635/1324 1326/626/1326
f 1321/621/1321 1328/636/1328 1315/633/1315
f 1321/621/1321 1327/637/1327 1329/638/1329
f 1328/636/1328 1331/623/1331 1330/632/1330
f 1329/638/1329 1332/639/1332 1331/623/1331
f 1333/640/1333 1342/641/1342 1341/642/1341
f 1353/643/1353 1360/644/1360 1359/645/1359
f 1347/646/1347 1339/647/1339 1344/648/1344
f 1347/646/1347 1340/649/1340 1346/650/1346
f 1350/651/1350 1337/652/1337 1343/653/1343
f 1341/642/1341 1336/654/1336 1334/655/1334
f 1343/653/1343 1346/650/1346 1338/656/1338
f 1343/653/1343 1345/657/1345 1347/646/1347
f 1342/641/1342 1349/658/1349 1336/654/1336
f 1342/641/1342 1348/659/1348 1350/651/1350
f 1365/660/1365 1357/661/1357 1362/662/1362
f 1370/663/1370 1355/664/1355 1361/665/1361
f 1349/658/1349 1343/653/1343 1338/656/1338
f 1365/660/1365 1358/666/1358 1364/667/1364
f 1370/663/1370 1356/668/1356 1369/669/1369
f 1359/645/1359 1354/670/1354 1352/671/1352
f 1361/665/1361 1364/667/1364 1356/668/1356
f 1361/665/1361 1363/672/1363 1365/660/1365
f 1354/670/1354 1368/673/1368 1367/674/1367
f 1360/644/1360 1366/675/1366 1368/673/1368
f 1367/674/1367 1370/663/1370 1369/669/1369
f 1368/673/1368 1371/676/1371 1370/663/1370
f 1372/677/1372 1381/678/1381 1380/679/1380
f 1386/680/1386 1378/681/1378 1383/682/1383
f 1386/680/1386 1379/683/1379 1385/684/1385
f 1389/685/1389 1376/686/1376 1382/687/1382
f 1380/679/1380 1375/688/1375 1373/689/1373
f 1382/687/1382 1385/684/1385 1377/690/1377
f 1382/687/1382 1384/691/1384 1386/680/1386
f 1375/688/1375 1389/685/1389 1388/692/1388
f 1381/678/1381 1387/693/1387 1389/685/1389
f 1388/692/1388 1382/687/1382 1377/690/1377
f 1390/694/1390 1399/695/1399 1398/696/1398
f 1404/697/1404 1396/698/1396 1401/699/1401
f 1404/697/1404 1397/700/1397 1403/701/1403
f 1407/702/1407 1394/703/1394 1400/704/1400
f 1398/696/1398 1393/705/1393 1391/706/1391
f 1400/704/1400 1403/701/1403 1395/707/1395
f 1400/704/1400 1402/708/1402 1404/697/1404
f 1393/705/1393 1407/702/1407 1406/709/1406
f 1399/695/1399 1405/710/1405 1407/702/1407
f 1406/709/1406 1400/704/1400 1395/707/1395
f 518/198/518 514/202/514 516/204/516
f 706/200/706 707/204/707 709/198/709
f 894/445/894 917/391/917 895/711/895
f 4/1/4 3/5/3 1/2/1
f 6/4/6 5/7/5 3/5/3
f 6/4/6 9/8/9 7/6/7
f 9/8/9 10/11/10 8/9/8
f 11/10/11 13/13/13 10/11/10
f 12/12/12 11/10/11 9/8/9
f 13/13/13 14/16/14 16/14/16
f 15/15/15 17/19/17 16/14/16
f 16/14/16 17/19/17 19/17/19
f 10/11/10 16/14/16 18/18/18
f 17/19/17 21/21/21 20/20/20
f 21/21/21 24/23/24 22/22/22
f 24/23/24 25/712/25 23/24/23
f 28/25/28 25/712/25 24/23/24
f 26/26/26 24/23/24 21/21/21
f 27/27/27 21/21/21 17/19/17
f 29/28/29 12/12/12 6/4/6
f 30/29/30 29/28/29 4/1/4
f 69/30/69 67/65/67 34/31/34
f 64/33/64 36/36/36 43/34/43
f 36/36/36 38/58/38 44/37/44
f 59/38/59 58/61/58 40/39/40
f 59/38/59 45/40/45 39/41/39
f 35/43/35 43/34/43 44/37/44
f 66/35/66 43/34/43 35/43/35
f 69/30/69 42/32/42 33/46/33
f 52/48/52 54/55/54 50/49/50
f 56/51/56 57/57/57 51/52/51
f 53/54/53 46/713/46 50/49/50
f 55/56/55 47/714/47 51/52/51
f 38/58/38 53/54/53 54/55/54
f 37/44/37 44/37/44 54/55/54
f 50/49/50 46/713/46 55/56/55
f 49/50/49 50/49/50 57/57/57
f 63/59/63 59/38/59 60/42/60
f 63/59/63 62/62/62 58/61/58
f 51/52/51 47/714/47 62/62/62
f 51/52/51 63/59/63 61/60/61
f 42/32/42 66/35/66 65/45/65
f 34/31/34 64/33/64 66/35/66
f 41/63/41 69/30/69 68/47/68
f 41/63/41 32/715/32 67/65/67
f 73/66/73 72/70/72 70/67/70
f 75/69/75 74/72/74 72/70/72
f 77/71/77 76/74/76 74/72/74
f 79/73/79 78/76/78 76/74/76
f 81/75/81 80/78/80 78/76/78
f 83/77/83 82/80/82 80/78/80
f 83/77/83 86/81/86 84/79/84
f 86/81/86 87/85/87 85/82/85
f 89/83/89 88/84/88 86/81/86
f 88/84/88 90/87/90 87/85/87
f 91/86/91 93/89/93 87/85/87
f 92/88/92 94/92/94 93/89/93
f 93/89/93 94/92/94 96/90/96
f 93/89/93 95/91/95 85/82/85
f 94/92/94 98/716/98 97/93/97
f 99/94/99 98/716/98 94/92/94
f 100/95/100 89/83/89 83/77/83
f 100/95/100 81/75/81 79/73/79
f 102/97/102 101/96/101 79/73/79
f 103/98/103 102/97/102 77/71/77
f 104/99/104 103/98/103 75/69/75
f 105/100/105 104/99/104 73/66/73
f 149/101/149 110/104/110 108/102/108
f 110/104/110 111/108/111 109/105/109
f 150/106/150 112/107/112 110/104/110
f 112/107/112 114/109/114 111/108/111
f 114/109/114 115/111/115 116/110/116
f 115/111/115 117/113/117 119/112/119
f 117/113/117 118/141/118 120/114/120
f 119/112/119 121/116/121 123/115/123
f 120/114/120 122/118/122 121/116/121
f 116/110/116 123/115/123 109/105/109
f 125/117/125 124/120/124 122/118/122
f 125/117/125 128/121/128 126/119/126
f 128/121/128 129/125/129 127/122/127
f 130/123/130 128/121/128 125/117/125
f 130/123/130 132/127/132 129/125/129
f 133/126/133 135/129/135 129/125/129
f 134/128/134 136/132/136 135/129/135
f 129/125/129 135/129/135 137/130/137
f 135/129/135 136/132/136 138/131/138
f 136/132/136 140/134/140 139/133/139
f 140/134/140 143/136/143 141/135/141
f 143/136/143 144/717/144 142/137/142
f 145/138/145 143/136/143 140/134/140
f 147/140/147 144/717/144 143/136/143
f 146/139/146 140/134/140 136/132/136
f 118/141/118 131/124/131 125/117/125
f 113/142/113 150/106/150 149/101/149
f 107/143/107 149/101/149 148/103/148
f 194/145/194 155/104/155 153/102/153
f 155/104/155 156/108/156 154/105/154
f 195/147/195 157/107/157 155/104/155
f 157/107/157 159/109/159 156/108/156
f 159/109/159 160/111/160 161/110/161
f 160/111/160 162/113/162 164/112/164
f 162/113/162 163/141/163 165/114/165
f 164/112/164 166/116/166 168/115/168
f 165/114/165 167/118/167 166/116/166
f 156/108/156 161/110/161 168/115/168
f 165/114/165 170/117/170 169/120/169
f 173/121/173 171/119/171 169/120/169
f 173/121/173 174/125/174 172/122/172
f 176/124/176 175/123/175 173/121/173
f 177/127/177 174/125/174 173/121/173
f 178/126/178 180/129/180 174/125/174
f 179/128/179 181/132/181 180/129/180
f 180/129/180 182/130/182 172/122/172
f 181/132/181 183/131/183 182/130/182
f 185/134/185 184/133/184 183/131/183
f 185/134/185 188/136/188 186/135/186
f 188/136/188 189/717/189 187/137/187
f 190/138/190 188/136/188 185/134/185
f 192/140/192 189/717/189 188/136/188
f 191/139/191 185/134/185 181/132/181
f 163/141/163 176/124/176 170/117/170
f 158/142/158 195/147/195 194/145/194
f 194/145/194 193/146/193 151/144/151
f 239/101/239 200/104/200 198/102/198
f 200/104/200 201/108/201 199/105/199
f 240/106/240 202/107/202 200/104/200
f 202/107/202 204/109/204 201/108/201
f 204/109/204 205/111/205 206/110/206
f 205/111/205 207/113/207 209/112/209
f 207/113/207 208/141/208 210/114/210
f 209/112/209 211/116/211 213/115/213
f 210/114/210 212/118/212 211/116/211
f 201/108/201 206/110/206 213/115/213
f 215/117/215 214/120/214 212/118/212
f 215/117/215 218/121/218 216/119/216
f 218/121/218 219/125/219 217/122/217
f 221/124/221 220/123/220 218/121/218
f 220/123/220 222/127/222 219/125/219
f 223/126/223 225/129/225 219/125/219
f 224/128/224 226/132/226 225/129/225
f 219/125/219 225/129/225 227/130/227
f 225/129/225 226/132/226 228/131/228
f 226/132/226 230/134/230 229/133/229
f 230/134/230 233/136/233 231/135/231
f 233/136/233 234/717/234 232/137/232
f 235/138/235 233/136/233 230/134/230
f 237/140/237 234/717/234 233/136/233
f 236/139/236 230/134/230 226/132/226
f 208/141/208 221/124/221 215/117/215
f 203/142/203 240/106/240 239/101/239
f 197/143/197 239/101/239 238/103/238
f 241/148/241 243/151/243 245/149/245
f 243/151/243 244/159/244 246/152/246
f 245/149/245 246/152/246 248/153/248
f 242/150/242 245/149/245 247/154/247
f 251/156/251 250/157/250 248/153/248
f 253/3/253 252/2/252 250/157/250
f 255/1/255 254/5/254 252/2/252
f 257/4/257 256/7/256 254/5/254
f 257/4/257 260/8/260 258/6/258
f 260/8/260 261/11/261 259/9/259
f 262/10/262 264/13/264 261/11/261
f 263/12/263 262/10/262 260/8/260
f 264/13/264 265/16/265 267/14/267
f 266/15/266 268/19/268 267/14/267
f 267/14/267 268/19/268 270/17/270
f 261/11/261 267/14/267 269/18/269
f 268/19/268 272/21/272 271/20/271
f 272/21/272 275/23/275 273/22/273
f 275/23/275 276/712/276 274/24/274
f 279/25/279 276/712/276 275/23/275
f 277/26/277 275/23/275 272/21/272
f 278/27/278 272/21/272 268/19/268
f 280/28/280 263/12/263 257/4/257
f 281/29/281 280/28/280 255/1/255
f 282/158/282 281/29/281 253/3/253
f 244/159/244 282/158/282 251/156/251
f 286/4/286 285/7/285 310/160/310
f 286/4/286 289/8/289 287/6/287
f 289/8/289 290/11/290 288/9/288
f 291/10/291 293/13/293 290/11/290
f 291/10/291 289/8/289 286/4/286
f 294/16/294 296/14/296 290/11/290
f 295/15/295 297/19/297 296/14/296
f 296/14/296 297/19/297 299/17/299
f 290/11/290 296/14/296 298/18/298
f 297/19/297 301/21/301 300/20/300
f 301/21/301 304/23/304 302/22/302
f 304/23/304 305/712/305 303/24/303
f 308/25/308 305/712/305 304/23/304
f 306/26/306 304/23/304 301/21/301
f 307/27/307 301/21/301 297/19/297
f 311/162/311 292/12/292 286/4/286
f 311/162/311 312/161/312 284/1/284
f 284/1/284 312/161/312 310/160/310
f 316/66/316 315/70/315 349/163/349
f 318/69/318 317/72/317 315/70/315
f 320/71/320 319/74/319 317/72/317
f 322/73/322 321/76/321 319/74/319
f 324/75/324 323/78/323 321/76/321
f 324/75/324 326/77/326 325/80/325
f 329/81/329 327/79/327 325/80/325
f 329/81/329 330/85/330 328/82/328
f 332/83/332 331/84/331 329/81/329
f 331/84/331 333/87/333 330/85/330
f 334/86/334 336/89/336 330/85/330
f 335/88/335 337/92/337 336/89/336
f 336/89/336 337/92/337 339/90/339
f 330/85/330 336/89/336 338/91/338
f 337/92/337 341/716/341 340/93/340
f 342/94/342 341/716/341 337/92/337
f 343/95/343 332/83/332 326/77/326
f 344/96/344 343/95/343 324/75/324
f 345/97/345 344/96/344 322/73/322
f 346/98/346 345/97/345 320/71/320
f 347/99/347 346/98/346 318/69/318
f 350/165/350 347/99/347 316/66/316
f 350/165/350 351/164/351 314/68/314
f 351/164/351 349/163/349 313/67/313
f 352/151/352 353/159/353 355/152/355
f 354/149/354 355/152/355 357/153/357
f 359/156/359 358/157/358 357/153/357
f 361/3/361 360/2/360 358/157/358
f 363/1/363 362/5/362 360/2/360
f 365/4/365 364/7/364 362/5/362
f 365/4/365 368/8/368 366/6/366
f 368/8/368 369/11/369 367/9/367
f 370/10/370 372/13/372 369/11/369
f 371/12/371 370/10/370 368/8/368
f 372/13/372 373/16/373 375/14/375
f 374/15/374 376/19/376 375/14/375
f 375/14/375 376/19/376 378/17/378
f 369/11/369 375/14/375 377/18/377
f 376/19/376 380/21/380 379/20/379
f 380/21/380 383/23/383 381/22/381
f 383/23/383 384/712/384 382/24/382
f 387/25/387 384/712/384 383/23/383
f 385/26/385 383/23/383 380/21/380
f 386/27/386 380/21/380 376/19/376
f 388/28/388 371/12/371 365/4/365
f 389/29/389 388/28/388 363/1/363
f 390/158/390 389/29/389 361/3/361
f 353/159/353 390/158/390 359/156/359
f 434/101/434 395/104/395 393/102/393
f 396/108/396 394/105/394 393/102/393
f 435/106/435 397/107/397 395/104/395
f 397/107/397 399/109/399 396/108/396
f 399/109/399 400/111/400 401/110/401
f 400/111/400 402/113/402 404/112/404
f 402/113/402 403/141/403 405/114/405
f 404/112/404 406/116/406 408/115/408
f 405/114/405 407/118/407 406/116/406
f 401/110/401 408/115/408 394/105/394
f 410/117/410 409/120/409 407/118/407
f 413/121/413 411/119/411 409/120/409
f 413/121/413 414/125/414 412/122/412
f 415/123/415 413/121/413 410/117/410
f 415/123/415 417/127/417 414/125/414
f 418/126/418 420/129/420 414/125/414
f 419/128/419 421/132/421 420/129/420
f 414/125/414 420/129/420 422/130/422
f 420/129/420 421/132/421 423/131/423
f 425/134/425 424/133/424 423/131/423
f 425/134/425 428/136/428 426/135/426
f 428/136/428 429/717/429 427/137/427
f 430/138/430 428/136/428 425/134/425
f 432/140/432 429/717/429 428/136/428
f 431/139/431 425/134/425 421/132/421
f 416/124/416 410/117/410 405/114/405
f 398/142/398 435/106/435 434/101/434
f 392/143/392 434/101/434 433/103/433
f 439/66/439 438/70/438 436/67/436
f 441/69/441 440/72/440 438/70/438
f 443/71/443 442/74/442 440/72/440
f 445/73/445 444/76/444 442/74/442
f 447/75/447 446/78/446 444/76/444
f 447/75/447 449/77/449 448/80/448
f 452/81/452 450/79/450 448/80/448
f 452/81/452 453/85/453 451/82/451
f 455/83/455 454/84/454 452/81/452
f 454/84/454 456/87/456 453/85/453
f 457/86/457 459/89/459 453/85/453
f 458/88/458 460/92/460 459/89/459
f 459/89/459 460/92/460 462/90/462
f 453/85/453 459/89/459 461/91/461
f 460/92/460 464/716/464 463/93/463
f 465/94/465 464/716/464 460/92/460
f 466/95/466 455/83/455 449/77/449
f 467/96/467 466/95/466 447/75/447
f 468/97/468 467/96/467 445/73/445
f 469/98/469 468/97/468 443/71/443
f 470/99/470 469/98/469 441/69/441
f 471/100/471 470/99/470 439/66/439
f 472/148/472 474/151/474 476/149/476
f 474/151/474 475/159/475 477/152/477
f 476/149/476 477/152/477 479/153/479
f 473/150/473 476/149/476 478/154/478
f 482/156/482 481/157/481 479/153/479
f 484/3/484 483/2/483 481/157/481
f 486/1/486 485/5/485 483/2/483
f 488/4/488 487/7/487 485/5/485
f 488/4/488 491/8/491 489/6/489
f 491/8/491 492/11/492 490/9/490
f 493/10/493 495/13/495 492/11/492
f 494/12/494 493/10/493 491/8/491
f 495/13/495 496/16/496 498/14/498
f 497/15/497 499/19/499 498/14/498
f 498/14/498 499/19/499 501/17/501
f 492/11/492 498/14/498 500/18/500
f 499/19/499 503/21/503 502/20/502
f 503/21/503 506/23/506 504/22/504
f 506/23/506 507/712/507 505/24/505
f 510/25/510 507/712/507 506/23/506
f 508/26/508 506/23/506 503/21/503
f 509/27/509 503/21/503 499/19/499
f 511/28/511 494/12/494 488/4/488
f 512/29/512 511/28/511 486/1/486
f 513/158/513 512/29/512 484/3/484
f 475/159/475 513/158/513 482/156/482
f 522/166/522 521/177/521 1408/167/1408
f 520/169/520 519/171/519 1409/170/1409
f 519/171/519 526/184/526 1410/172/1410
f 1410/172/1410 526/184/526 525/174/525
f 524/178/524 523/176/523 1412/168/1412
f 525/174/525 533/191/533 532/180/532
f 531/181/531 530/186/530 522/166/522
f 529/182/529 528/188/528 520/169/520
f 534/183/534 533/191/533 525/174/525
f 532/185/532 531/181/531 523/176/523
f 530/186/530 529/182/529 521/177/521
f 520/169/520 528/188/528 527/187/527
f 527/187/527 534/183/534 526/184/526
f 528/188/528 536/194/536 535/189/535
f 527/187/527 535/189/535 542/190/542
f 533/191/533 541/195/541 540/192/540
f 531/181/531 539/196/539 538/193/538
f 529/182/529 537/197/537 536/194/536
f 534/183/534 542/190/542 541/195/541
f 532/185/532 540/718/540 539/196/539
f 530/186/530 538/193/538 537/197/537
f 518/198/518 543/376/543 517/199/517
f 543/201/543 516/204/516 514/202/514
f 516/204/516 543/201/543 697/205/697
f 544/208/544 546/719/546 553/210/553
f 553/210/553 546/719/546 548/211/548
f 558/213/558 556/222/556 550/214/550
f 558/213/558 555/215/555 551/216/551
f 553/210/553 554/212/554 549/218/549
f 552/209/552 553/210/553 547/219/547
f 541/221/541 540/207/540 552/209/552
f 554/212/554 558/213/558 557/217/557
f 554/212/554 548/211/548 556/222/556
f 559/224/559 561/720/561 568/226/568
f 676/227/676 563/721/563 569/228/569
f 573/230/573 571/240/571 565/231/565
f 573/230/573 570/232/570 566/233/566
f 678/229/678 569/228/569 564/235/564
f 560/237/560 567/225/567 568/226/568
f 540/239/540 539/223/539 567/225/567
f 569/228/569 573/230/573 572/234/572
f 569/228/569 563/721/563 571/240/571
f 582/243/582 574/242/574 576/244/576
f 583/245/583 576/244/576 578/246/578
f 588/248/588 586/257/586 580/249/580
f 588/248/588 585/250/585 581/251/581
f 577/253/577 583/245/583 584/247/584
f 582/243/582 583/245/583 577/253/577
f 539/256/539 538/241/538 582/243/582
f 584/247/584 588/248/588 587/252/587
f 584/247/584 578/246/578 586/257/586
f 599/260/599 591/259/591 593/261/593
f 600/262/600 593/261/593 595/263/595
f 605/265/605 603/274/603 597/266/597
f 605/265/605 602/267/602 598/268/598
f 600/262/600 601/264/601 596/270/596
f 599/260/599 600/262/600 594/271/594
f 538/273/538 537/258/537 599/260/599
f 601/264/601 605/265/605 604/269/604
f 601/264/601 595/263/595 603/274/603
f 606/276/606 608/722/608 615/278/615
f 615/278/615 608/722/608 610/279/610
f 620/281/620 618/290/618 612/282/612
f 620/281/620 617/283/617 613/284/613
f 615/278/615 616/280/616 611/286/611
f 614/277/614 615/278/615 609/287/609
f 537/289/537 536/275/536 614/277/614
f 616/280/616 620/281/620 619/285/619
f 616/280/616 610/279/610 618/290/618
f 629/293/629 621/292/621 623/294/623
f 666/296/666 664/346/664 625/297/625
f 635/299/635 633/309/633 627/300/627
f 635/299/635 632/301/632 628/302/628
f 665/304/665 666/296/666 631/298/631
f 629/293/629 630/295/630 624/306/624
f 536/308/536 535/291/535 629/293/629
f 631/298/631 635/299/635 634/303/634
f 631/298/631 625/297/625 633/309/633
f 669/313/669 668/347/668 636/314/636
f 636/314/636 638/723/638 644/316/644
f 648/317/648 646/327/646 640/318/640
f 648/317/648 645/319/645 641/320/641
f 643/315/643 644/316/644 639/322/639
f 667/324/667 669/313/669 643/315/643
f 535/325/535 542/310/542 642/312/642
f 644/316/644 648/317/648 647/321/647
f 644/316/644 638/723/638 646/327/646
f 649/329/649 651/724/651 658/331/658
f 674/332/674 675/351/675 653/333/653
f 663/335/663 661/345/661 655/336/655
f 663/335/663 660/337/660 656/338/656
f 674/332/674 659/334/659 654/340/654
f 657/330/657 658/331/658 652/342/652
f 542/344/542 541/328/541 657/330/657
f 659/334/659 663/335/663 662/339/662
f 659/334/659 653/333/653 661/345/661
f 630/295/630 666/296/666 665/304/665
f 630/295/630 623/294/623 664/346/664
f 590/326/590 642/312/642 669/313/669
f 642/312/642 589/311/589 668/347/668
f 658/331/658 672/350/672 671/348/671
f 658/331/658 651/724/651 670/349/670
f 671/348/671 672/350/672 674/332/674
f 672/350/672 670/349/670 675/351/675
f 562/238/562 568/226/568 678/229/678
f 568/226/568 561/720/561 676/227/676
f 689/352/689 690/366/690 679/353/679
f 688/355/688 689/352/689 680/354/680
f 682/357/682 686/377/686 694/358/694
f 694/358/694 686/377/686 684/360/684
f 685/362/685 687/375/687 704/363/704
f 699/206/699 697/205/697 692/359/692
f 688/365/688 681/725/681 679/353/679
f 692/367/692 693/361/693 684/360/684
f 682/368/682 684/360/684 685/362/685
f 690/366/690 689/352/689 703/364/703
f 703/364/703 689/352/689 688/355/688
f 699/206/699 694/358/694 693/361/693
f 697/372/697 698/371/698 693/361/693
f 702/373/702 688/365/688 690/366/690
f 516/204/516 699/206/699 698/371/698
f 683/374/683 702/373/702 704/363/704
f 543/376/543 518/198/518 698/371/698
f 682/357/682 683/374/683 687/375/687
f 685/362/685 703/364/703 702/370/702
f 684/360/684 686/377/686 687/375/687
f 713/166/713 712/177/712 701/167/701
f 711/169/711 710/171/710 700/170/700
f 710/171/710 717/184/717 696/172/696
f 696/172/696 717/184/717 716/174/716
f 715/178/715 714/176/714 691/168/691
f 716/174/716 724/191/724 723/180/723
f 722/181/722 721/186/721 713/166/713
f 720/182/720 719/188/719 711/169/711
f 725/183/725 724/191/724 716/174/716
f 715/178/715 723/185/723 722/181/722
f 721/186/721 720/182/720 712/177/712
f 711/169/711 719/188/719 718/187/718
f 710/171/710 718/187/718 725/183/725
f 719/188/719 727/194/727 726/189/726
f 718/187/718 726/189/726 733/190/733
f 724/191/724 732/195/732 731/192/731
f 722/181/722 730/196/730 729/193/729
f 720/182/720 728/197/728 727/194/727
f 725/183/725 733/190/733 732/195/732
f 723/185/723 731/718/731 730/196/730
f 721/186/721 729/193/729 728/197/728
f 706/200/706 709/198/709 734/376/734
f 708/203/708 734/201/734 707/204/707
f 707/204/707 734/201/734 885/205/885
f 735/208/735 737/719/737 744/210/744
f 744/210/744 737/719/737 739/211/739
f 749/213/749 747/222/747 741/214/741
f 749/213/749 746/215/746 742/216/742
f 744/210/744 745/212/745 740/218/740
f 743/209/743 744/210/744 738/219/738
f 732/221/732 731/207/731 743/209/743
f 745/212/745 749/213/749 748/217/748
f 745/212/745 739/211/739 747/222/747
f 750/224/750 752/720/752 759/226/759
f 867/227/867 754/721/754 760/228/760
f 764/230/764 762/240/762 756/231/756
f 764/230/764 761/232/761 757/233/757
f 869/229/869 760/228/760 755/235/755
f 751/237/751 758/225/758 759/226/759
f 731/239/731 730/223/730 758/225/758
f 760/228/760 764/230/764 763/234/763
f 760/228/760 754/721/754 762/240/762
f 773/243/773 765/242/765 767/244/767
f 774/245/774 767/244/767 769/246/769
f 779/248/779 777/257/777 771/249/771
f 779/248/779 776/250/776 772/251/772
f 768/253/768 774/245/774 775/247/775
f 773/243/773 774/245/774 768/253/768
f 730/256/730 729/241/729 773/243/773
f 775/247/775 779/248/779 778/252/778
f 775/247/775 769/246/769 777/257/777
f 790/260/790 782/259/782 784/261/784
f 791/262/791 784/261/784 786/263/786
f 796/265/796 794/274/794 788/266/788
f 796/265/796 793/267/793 789/268/789
f 791/262/791 792/264/792 787/270/787
f 790/260/790 791/262/791 785/271/785
f 729/273/729 728/258/728 790/260/790
f 792/264/792 796/265/796 795/269/795
f 792/264/792 786/263/786 794/274/794
f 797/276/797 799/722/799 806/278/806
f 806/278/806 799/722/799 801/279/801
f 811/281/811 809/290/809 803/282/803
f 811/281/811 808/283/808 804/284/804
f 806/278/806 807/280/807 802/286/802
f 805/277/805 806/278/806 800/287/800
f 728/289/728 727/275/727 805/277/805
f 807/280/807 811/281/811 810/285/810
f 807/280/807 801/279/801 809/290/809
f 820/293/820 812/292/812 814/294/814
f 857/296/857 855/346/855 816/297/816
f 826/299/826 824/309/824 818/300/818
f 826/299/826 823/301/823 819/302/819
f 856/304/856 857/296/857 822/298/822
f 820/293/820 821/295/821 815/306/815
f 727/308/727 726/291/726 820/293/820
f 822/298/822 826/299/826 825/303/825
f 822/298/822 816/297/816 824/309/824
f 860/313/860 859/347/859 827/314/827
f 827/314/827 829/723/829 835/316/835
f 839/317/839 837/327/837 831/318/831
f 839/317/839 836/319/836 832/320/832
f 834/315/834 835/316/835 830/322/830
f 858/324/858 860/313/860 834/315/834
f 726/325/726 733/310/733 833/312/833
f 835/316/835 839/317/839 838/321/838
f 835/316/835 829/723/829 837/327/837
f 840/329/840 842/724/842 849/331/849
f 865/332/865 866/351/866 844/333/844
f 854/335/854 852/345/852 846/336/846
f 854/335/854 851/337/851 847/338/847
f 865/332/865 850/334/850 845/340/845
f 848/330/848 849/331/849 843/342/843
f 733/344/733 732/328/732 848/330/848
f 850/334/850 854/335/854 853/339/853
f 850/334/850 844/333/844 852/345/852
f 821/295/821 857/296/857 856/304/856
f 821/295/821 814/294/814 855/346/855
f 781/326/781 833/312/833 860/313/860
f 833/312/833 780/311/780 859/347/859
f 849/331/849 863/350/863 862/348/862
f 849/331/849 842/724/842 861/349/861
f 862/348/862 863/350/863 865/332/865
f 863/350/863 861/349/861 866/351/866
f 753/238/753 759/226/759 869/229/869
f 759/226/759 752/720/752 867/227/867
f 880/352/880 881/366/881 870/353/870
f 880/352/880 871/354/871 872/356/872
f 882/359/882 873/357/873 877/377/877
f 877/377/877 875/360/875 883/361/883
f 878/375/878 876/362/876 889/378/889
f 887/206/887 885/205/885 882/359/882
f 879/365/879 881/366/881 893/380/893
f 883/361/883 875/360/875 873/368/873
f 889/378/889 876/362/876 874/369/874
f 881/366/881 880/352/880 892/383/892
f 892/383/892 880/352/880 879/355/879
f 887/206/887 884/358/884 883/361/883
f 886/371/886 883/361/883 882/367/882
f 891/381/891 893/380/893 878/375/878
f 707/204/707 887/206/887 886/371/886
f 873/357/873 888/385/888 890/379/890
f 734/376/734 709/198/709 886/371/886
f 876/362/876 892/383/892 891/384/891
f 888/385/888 874/374/874 878/375/878
f 893/380/893 892/383/892 876/362/876
f 875/360/875 877/377/877 890/379/890
f 875/360/875 889/378/889 888/382/888
f 879/365/879 872/725/872 870/353/870
f 928/386/928 929/437/929 937/387/937
f 916/389/916 935/421/935 934/390/934
f 926/392/926 927/441/927 898/393/898
f 906/395/906 905/404/905 900/396/900
f 909/398/909 908/410/908 903/399/903
f 907/401/907 906/395/906 901/397/901
f 900/396/900 905/404/905 909/398/909
f 903/403/903 908/407/908 907/401/907
f 905/404/905 910/408/910 914/405/914
f 913/406/913 912/411/912 907/401/907
f 906/395/906 911/413/911 910/408/910
f 909/398/909 914/405/914 913/409/913
f 912/411/912 911/413/911 906/395/906
f 1414/414/1414 1413/418/1413 902/402/902
f 1416/415/1416 1414/414/1414 901/397/901
f 1417/416/1417 1416/415/1416 900/396/900
f 1415/417/1415 1417/416/1417 904/400/904
f 1413/418/1413 1415/726/1415 903/403/903
f 896/419/896 895/711/895 917/391/917
f 935/421/935 936/438/936 921/422/921
f 899/424/899 897/727/897 925/425/925
f 936/427/936 934/390/934 924/428/924
f 933/430/933 923/436/923 922/431/922
f 931/433/931 932/442/932 922/434/922
f 923/436/923 920/435/920 929/437/929
f 936/438/936 935/421/935 916/389/916
f 935/421/935 919/423/919 924/428/924
f 939/388/939 927/441/927 926/392/926
f 925/425/925 897/727/897 898/393/898
f 924/428/924 919/423/919 931/433/931
f 932/442/932 931/433/931 919/423/919
f 923/436/923 928/386/928 930/443/930
f 937/387/937 938/446/938 926/426/926
f 920/435/920 923/436/923 933/430/933
f 924/428/924 933/430/933 932/432/932
f 896/444/896 918/439/918 916/389/916
f 929/437/929 930/447/930 938/446/938
f 917/391/917 934/390/934 936/427/936
f 930/447/930 929/437/929 920/435/920
f 937/387/937 925/425/925 927/441/927
f 928/386/928 939/388/939 938/440/938
f 941/448/941 944/452/944 943/449/943
f 943/449/943 945/455/945 942/451/942
f 944/452/944 947/456/947 946/453/946
f 943/449/943 946/453/946 948/454/948
f 964/471/964 963/473/963 962/464/962
f 965/472/965 953/463/953 962/464/962
f 966/474/966 963/473/963 964/471/964
f 968/476/968 965/472/965 963/473/963
f 969/477/969 971/479/971 965/472/965
f 970/478/970 972/480/972 971/479/971
f 971/479/971 952/461/952 953/463/953
f 971/479/971 972/480/972 955/462/955
f 972/480/972 973/482/973 957/466/957
f 975/481/975 973/482/973 972/480/972
f 973/482/973 974/484/974 959/468/959
f 976/483/976 974/484/974 973/482/973
f 942/451/942 945/455/945 974/484/974
f 974/484/974 945/455/945 948/454/948
f 967/475/967 964/471/964 979/485/979
f 977/486/977 979/485/979 980/487/980
f 979/485/979 960/469/960 958/467/958
f 964/471/964 961/470/961 960/469/960
f 980/487/980 958/467/958 956/465/956
f 978/488/978 980/487/980 981/489/981
f 982/491/982 981/489/981 956/465/956
f 983/490/983 981/489/981 982/491/982
f 985/493/985 984/492/984 982/491/982
f 985/493/985 987/494/987 988/495/988
f 987/494/987 950/458/950 951/460/951
f 987/494/987 982/491/982 954/459/954
f 944/452/944 988/495/988 951/460/951
f 986/496/986 988/495/988 944/452/944
f 990/448/990 993/452/993 992/449/992
f 992/449/992 994/455/994 991/451/991
f 993/452/993 996/456/996 995/453/995
f 992/449/992 995/453/995 997/454/997
f 1013/471/1013 1012/473/1012 1011/464/1011
f 1014/472/1014 1002/463/1002 1011/464/1011
f 1015/474/1015 1012/473/1012 1013/471/1013
f 1017/476/1017 1014/472/1014 1012/473/1012
f 1018/477/1018 1020/479/1020 1014/472/1014
f 1019/478/1019 1021/480/1021 1020/479/1020
f 1020/479/1020 1001/461/1001 1002/463/1002
f 1020/479/1020 1021/480/1021 1004/462/1004
f 1021/480/1021 1022/482/1022 1006/466/1006
f 1024/481/1024 1022/482/1022 1021/480/1021
f 1022/482/1022 1023/484/1023 1008/468/1008
f 1025/483/1025 1023/484/1023 1022/482/1022
f 991/451/991 994/455/994 1023/484/1023
f 1023/484/1023 994/455/994 997/454/997
f 1016/475/1016 1013/471/1013 1028/485/1028
f 1026/486/1026 1028/485/1028 1029/487/1029
f 1028/485/1028 1009/469/1009 1007/467/1007
f 1013/471/1013 1010/470/1010 1009/469/1009
f 1029/487/1029 1007/467/1007 1005/465/1005
f 1027/488/1027 1029/487/1029 1030/489/1030
f 1031/491/1031 1030/489/1030 1005/465/1005
f 1032/490/1032 1030/489/1030 1031/491/1031
f 1034/493/1034 1033/492/1033 1031/491/1031
f 1034/493/1034 1036/494/1036 1037/495/1037
f 1036/494/1036 999/458/999 1000/460/1000
f 1036/494/1036 1031/491/1031 1003/459/1003
f 993/452/993 1037/495/1037 1000/460/1000
f 1035/496/1035 1037/495/1037 993/452/993
f 1038/497/1038 1039/544/1039 1043/498/1043
f 1038/497/1038 1041/499/1041 1044/500/1044
f 1041/499/1041 1043/498/1043 1085/502/1085
f 1044/500/1044 1041/499/1041 1042/503/1042
f 1046/505/1046 1044/500/1044 1045/504/1045
f 1040/501/1040 1044/500/1044 1046/505/1046
f 1051/508/1051 1047/507/1047 1046/505/1046
f 1049/509/1049 1046/505/1046 1048/506/1048
f 1049/509/1049 1050/510/1050 1053/511/1053
f 1051/508/1051 1049/509/1049 1052/512/1052
f 1055/514/1055 1052/512/1052 1053/511/1053
f 1057/516/1057 1054/513/1054 1052/512/1052
f 1058/517/1058 1055/514/1055 1056/515/1056
f 1060/519/1060 1057/516/1057 1055/514/1055
f 1058/517/1058 1059/518/1059 1062/520/1062
f 1060/519/1060 1058/517/1058 1061/521/1061
f 1061/521/1061 1062/520/1062 1065/523/1065
f 1063/522/1063 1061/521/1061 1064/524/1064
f 1067/526/1067 1064/524/1064 1065/523/1065
f 1068/528/1068 1066/525/1066 1064/524/1064
f 1072/529/1072 1068/528/1068 1067/526/1067
f 1070/530/1070 1067/526/1067 1069/527/1069
f 1070/530/1070 1071/531/1071 1074/532/1074
f 1072/529/1072 1070/530/1070 1073/533/1073
f 1073/533/1073 1074/532/1074 1077/535/1077
f 1078/537/1078 1075/534/1075 1073/533/1073
f 1079/538/1079 1076/536/1076 1077/535/1077
f 1081/540/1081 1078/537/1078 1076/536/1076
f 1079/538/1079 1080/539/1080 1084/541/1084
f 1081/540/1081 1079/538/1079 1082/542/1082
f 1083/543/1083 1082/542/1082 1043/498/1043
f 1082/542/1082 1084/541/1084 1085/502/1085
f 1087/497/1087 1088/544/1088 1092/498/1092
f 1087/497/1087 1090/499/1090 1093/500/1093
f 1090/499/1090 1092/498/1092 1134/502/1134
f 1093/500/1093 1090/499/1090 1091/503/1091
f 1095/505/1095 1093/500/1093 1094/504/1094
f 1089/501/1089 1093/500/1093 1095/505/1095
f 1100/508/1100 1096/507/1096 1095/505/1095
f 1098/509/1098 1095/505/1095 1097/506/1097
f 1098/509/1098 1099/510/1099 1102/511/1102
f 1103/513/1103 1100/508/1100 1098/509/1098
f 1104/514/1104 1101/512/1101 1102/511/1102
f 1106/516/1106 1103/513/1103 1101/512/1101
f 1107/517/1107 1104/514/1104 1105/515/1105
f 1109/519/1109 1106/516/1106 1104/514/1104
f 1107/517/1107 1108/518/1108 1111/520/1111
f 1109/519/1109 1107/517/1107 1110/521/1110
f 1110/521/1110 1111/520/1111 1114/523/1114
f 1112/522/1112 1110/521/1110 1113/524/1113
f 1113/524/1113 1114/523/1114 1118/527/1118
f 1117/528/1117 1115/525/1115 1113/524/1113
f 1121/529/1121 1117/528/1117 1116/526/1116
f 1119/530/1119 1116/526/1116 1118/527/1118
f 1122/533/1122 1119/530/1119 1120/531/1120
f 1124/534/1124 1121/529/1121 1119/530/1119
f 1125/536/1125 1122/533/1122 1123/532/1123
f 1127/537/1127 1124/534/1124 1122/533/1122
f 1128/538/1128 1125/536/1125 1126/535/1126
f 1130/540/1130 1127/537/1127 1125/536/1125
f 1128/538/1128 1129/539/1129 1133/541/1133
f 1130/540/1130 1128/538/1128 1131/542/1131
f 1132/543/1132 1131/542/1131 1092/498/1092
f 1131/542/1131 1133/541/1133 1134/502/1134
f 1136/497/1136 1137/544/1137 1141/498/1141
f 1136/497/1136 1139/499/1139 1142/500/1142
f 1139/499/1139 1141/498/1141 1183/502/1183
f 1142/500/1142 1139/499/1139 1140/503/1140
f 1144/505/1144 1142/500/1142 1143/504/1143
f 1138/501/1138 1142/500/1142 1144/505/1144
f 1149/508/1149 1145/507/1145 1144/505/1144
f 1147/509/1147 1144/505/1144 1146/506/1146
f 1147/509/1147 1148/510/1148 1151/511/1151
f 1149/508/1149 1147/509/1147 1150/512/1150
f 1153/514/1153 1150/512/1150 1151/511/1151
f 1155/516/1155 1152/513/1152 1150/512/1150
f 1156/517/1156 1153/514/1153 1154/515/1154
f 1158/519/1158 1155/516/1155 1153/514/1153
f 1156/517/1156 1157/518/1157 1160/520/1160
f 1158/519/1158 1156/517/1156 1159/521/1159
f 1159/521/1159 1160/520/1160 1163/523/1163
f 1161/522/1161 1159/521/1159 1162/524/1162
f 1165/526/1165 1162/524/1162 1163/523/1163
f 1166/528/1166 1164/525/1164 1162/524/1162
f 1170/529/1170 1166/528/1166 1165/526/1165
f 1168/530/1168 1165/526/1165 1167/527/1167
f 1168/530/1168 1169/531/1169 1172/532/1172
f 1170/529/1170 1168/530/1168 1171/533/1171
f 1171/533/1171 1172/532/1172 1175/535/1175
f 1176/537/1176 1173/534/1173 1171/533/1171
f 1177/538/1177 1174/536/1174 1175/535/1175
f 1179/540/1179 1176/537/1176 1174/536/1174
f 1177/538/1177 1178/539/1178 1182/541/1182
f 1179/540/1179 1177/538/1177 1180/542/1180
f 1181/543/1181 1180/542/1180 1141/498/1141
f 1180/542/1180 1182/541/1182 1183/502/1183
f 1185/497/1185 1186/544/1186 1190/498/1190
f 1185/497/1185 1188/499/1188 1191/500/1191
f 1188/499/1188 1190/498/1190 1232/502/1232
f 1191/500/1191 1188/499/1188 1189/503/1189
f 1193/505/1193 1191/500/1191 1192/504/1192
f 1187/501/1187 1191/500/1191 1193/505/1193
f 1198/508/1198 1194/507/1194 1193/505/1193
f 1196/509/1196 1193/505/1193 1195/506/1195
f 1196/509/1196 1197/510/1197 1200/511/1200
f 1201/513/1201 1198/508/1198 1196/509/1196
f 1202/514/1202 1199/512/1199 1200/511/1200
f 1204/516/1204 1201/513/1201 1199/512/1199
f 1205/517/1205 1202/514/1202 1203/515/1203
f 1207/519/1207 1204/516/1204 1202/514/1202
f 1205/517/1205 1206/518/1206 1209/520/1209
f 1207/519/1207 1205/517/1205 1208/521/1208
f 1208/521/1208 1209/520/1209 1212/523/1212
f 1210/522/1210 1208/521/1208 1211/524/1211
f 1211/524/1211 1212/523/1212 1216/527/1216
f 1215/528/1215 1213/525/1213 1211/524/1211
f 1219/529/1219 1215/528/1215 1214/526/1214
f 1217/530/1217 1214/526/1214 1216/527/1216
f 1220/533/1220 1217/530/1217 1218/531/1218
f 1222/534/1222 1219/529/1219 1217/530/1217
f 1223/536/1223 1220/533/1220 1221/532/1221
f 1225/537/1225 1222/534/1222 1220/533/1220
f 1226/538/1226 1223/536/1223 1224/535/1224
f 1228/540/1228 1225/537/1225 1223/536/1223
f 1226/538/1226 1227/539/1227 1231/541/1231
f 1228/540/1228 1226/538/1226 1229/542/1229
f 1230/543/1230 1229/542/1229 1190/498/1190
f 1229/542/1229 1231/541/1231 1232/502/1232
f 1234/546/1234 1236/728/1236 1243/547/1243
f 1253/549/1253 1254/565/1254 1238/550/1238
f 1248/552/1248 1246/561/1246 1240/553/1240
f 1248/552/1248 1245/554/1245 1241/555/1241
f 1253/549/1253 1244/551/1244 1239/557/1239
f 1242/548/1242 1243/547/1243 1237/559/1237
f 1244/551/1244 1248/552/1248 1247/556/1247
f 1244/551/1244 1238/550/1238 1246/561/1246
f 1243/547/1243 1251/564/1251 1250/562/1250
f 1243/547/1243 1236/728/1236 1249/563/1249
f 1250/562/1250 1251/564/1251 1253/549/1253
f 1251/564/1251 1249/563/1249 1254/565/1254
f 1255/566/1255 1257/729/1257 1264/567/1264
f 1281/569/1281 1275/730/1275 1273/570/1273
f 1269/572/1269 1267/583/1267 1261/573/1261
f 1269/572/1269 1266/574/1266 1262/575/1262
f 1272/577/1272 1270/585/1270 1259/578/1259
f 1263/568/1263 1264/567/1264 1258/580/1258
f 1265/579/1265 1269/572/1269 1268/576/1268
f 1265/579/1265 1259/578/1259 1267/583/1267
f 1264/567/1264 1272/577/1272 1271/584/1271
f 1264/567/1264 1257/729/1257 1270/585/1270
f 1287/586/1287 1285/598/1285 1279/587/1279
f 1292/589/1292 1293/602/1293 1277/590/1277
f 1271/584/1271 1272/577/1272 1265/579/1265
f 1287/586/1287 1284/588/1284 1280/592/1280
f 1292/589/1292 1283/591/1283 1278/594/1278
f 1274/596/1274 1281/569/1281 1282/571/1282
f 1283/591/1283 1287/586/1287 1286/593/1286
f 1283/591/1283 1277/590/1277 1285/598/1285
f 1276/597/1276 1282/571/1282 1290/599/1290
f 1282/571/1282 1273/570/1273 1288/601/1288
f 1289/600/1289 1290/599/1290 1292/589/1292
f 1290/599/1290 1288/601/1288 1293/602/1293
f 1294/603/1294 1296/731/1296 1303/604/1303
f 1308/606/1308 1306/617/1306 1300/607/1300
f 1308/606/1308 1305/608/1305 1301/609/1301
f 1311/611/1311 1309/619/1309 1298/612/1298
f 1302/605/1302 1303/604/1303 1297/614/1297
f 1304/613/1304 1308/606/1308 1307/610/1307
f 1304/613/1304 1298/612/1298 1306/617/1306
f 1303/604/1303 1311/611/1311 1310/618/1310
f 1303/604/1303 1296/731/1296 1309/619/1309
f 1310/618/1310 1311/611/1311 1304/613/1304
f 1312/620/1312 1314/732/1314 1321/621/1321
f 1331/623/1331 1332/639/1332 1316/624/1316
f 1326/626/1326 1324/635/1324 1318/627/1318
f 1326/626/1326 1323/628/1323 1319/629/1319
f 1331/623/1331 1322/625/1322 1317/631/1317
f 1320/622/1320 1321/621/1321 1315/633/1315
f 1322/625/1322 1326/626/1326 1325/630/1325
f 1322/625/1322 1316/624/1316 1324/635/1324
f 1321/621/1321 1329/638/1329 1328/636/1328
f 1321/621/1321 1314/732/1314 1327/637/1327
f 1328/636/1328 1329/638/1329 1331/623/1331
f 1329/638/1329 1327/637/1327 1332/639/1332
f 1333/640/1333 1335/733/1335 1342/641/1342
f 1353/643/1353 1351/734/1351 1360/644/1360
f 1347/646/1347 1345/657/1345 1339/647/1339
f 1347/646/1347 1344/648/1344 1340/649/1340
f 1350/651/1350 1348/659/1348 1337/652/1337
f 1341/642/1341 1342/641/1342 1336/654/1336
f 1343/653/1343 1347/646/1347 1346/650/1346
f 1343/653/1343 1337/652/1337 1345/657/1345
f 1342/641/1342 1350/651/1350 1349/658/1349
f 1342/641/1342 1335/733/1335 1348/659/1348
f 1365/660/1365 1363/672/1363 1357/661/1357
f 1370/663/1370 1371/676/1371 1355/664/1355
f 1349/658/1349 1350/651/1350 1343/653/1343
f 1365/660/1365 1362/662/1362 1358/666/1358
f 1370/663/1370 1361/665/1361 1356/668/1356
f 1359/645/1359 1360/644/1360 1354/670/1354
f 1361/665/1361 1365/660/1365 1364/667/1364
f 1361/665/1361 1355/664/1355 1363/672/1363
f 1354/670/1354 1360/644/1360 1368/673/1368
f 1360/644/1360 1351/734/1351 1366/675/1366
f 1367/674/1367 1368/673/1368 1370/663/1370
f 1368/673/1368 1366/675/1366 1371/676/1371
f 1372/677/1372 1374/735/1374 1381/678/1381
f 1386/680/1386 1384/691/1384 1378/681/1378
f 1386/680/1386 1383/682/1383 1379/683/1379
f 1389/685/1389 1387/693/1387 1376/686/1376
f 1380/679/1380 1381/678/1381 1375/688/1375
f 1382/687/1382 1386/680/1386 1385/684/1385
f 1382/687/1382 1376/686/1376 1384/691/1384
f 1375/688/1375 1381/678/1381 1389/685/1389
f 1381/678/1381 1374/735/1374 1387/693/1387
f 1388/692/1388 1389/685/1389 1382/687/1382
f 1390/694/1390 1392/736/1392 1399/695/1399
f 1404/697/1404 1402/708/1402 1396/698/1396
f 1404/697/1404 1401/699/1401 1397/700/1397
f 1407/702/1407 1405/710/1405 1394/703/1394
f 1398/696/1398 1399/695/1399 1393/705/1393
f 1400/704/1400 1404/697/1404 1403/701/1403
f 1400/704/1400 1394/703/1394 1402/708/1402
f 1393/705/1393 1399/695/1399 1407/702/1407
f 1399/695/1399 1392/736/1392 1405/710/1405
f 1406/709/1406 1407/702/1407 1400/704/1400
f 518/198/518 515/200/515 514/202/514
f 706/200/706 705/202/705 707/204/707
f 894/445/894 916/389/916 917/391/917
